target,feature1,feature2,feature3,feature4,feature5,feature6,feature7,feature8,feature9,feature10,feature11,feature12,feature13
1,0.07,2.57,1.43,2.0,3.13,94.0,12.4,6.49,74.41,164,83,1,3
1,0.97,7.24,4.92,5.0,7.54,157.0,8.23,12.46,98.86,126,96,2,2
1,0.04,8.02,1.34,3.0,2.24,203.0,8.93,5.94,129.54,22,69,2,3
1,0.12,8.11,1.7,7.0,3.46,207.0,5.9,5.81,123.9,152,134,1,2
1,0.17,7.07,4.46,1.0,3.79,121.0,5.03,7.8,88.73,207,195,1,1
1,0.1,4.17,0.83,7.0,2.68,146.0,18.4,12.81,93.67,131,133,2,2
1,0.08,4.55,4.21,1.0,3.32,159.0,13.46,5.24,100.81,174,177,1,2
1,0.76,7.42,3.25,4.0,6.57,119.0,14.89,19.01,88.82,132,191,2,1
1,0.07,1.84,1.26,0.0,2.71,143.0,7.14,20.45,96.95,190,129,3,2
1,0.16,8.74,4.86,0.0,2.83,31.0,5.31,10.02,42.52,197,195,1,3
1,0.31,0.87,3.83,3.0,4.26,119.0,11.12,14.21,86.98,47,132,1,2
1,0.13,3.77,2.02,0.0,3.2,141.0,16.12,7.18,100.01,130,82,2,3
1,0.44,5.95,4.27,2.0,4.64,123.0,13.52,5.58,89.86,31,207,1,2
1,0.83,2.73,0.15,4.0,7.01,169.0,20.91,12.55,108.08,167,119,3,2
0,0.51,0.22,3.36,1.0,5.51,85.0,19.44,17.8,69.3,156,161,2,3
1,0.28,6.28,1.9,3.0,4.13,207.0,7.58,11.96,133.43,146,31,1,1
1,0.38,3.91,0.46,4.0,4.08,168.0,10.96,17.74,110.9,38,168,1,2
1,0.34,2.35,0.41,2.0,3.97,74.0,7.97,19.77,61.93,167,140,1,3
1,0.08,6.47,0.14,0.0,2.4,204.0,18.17,20.51,126.84,27,154,1,3
0,0.8,0.15,2.4,1.0,6.45,41.0,11.61,7.28,50.33,100,92,3,3
0,0.82,6.37,4.44,1.0,6.16,115.0,7.79,19.16,79.88,198,117,1,1
1,0.88,1.63,2.86,7.0,6.58,129.0,9.71,19.75,87.15,194,62,3,3
1,,5.01,1.17,6.0,7.15,50.0,9.12,14.7,53.9,105,20,3,2
1,0.19,3.61,0.55,4.0,3.15,96.0,17.22,23.78,70.38,134,128,2,2
1,0.68,6.05,4.58,0.0,5.71,119.0,16.25,6.52,79.62,168,208,1,2
1,0.46,1.52,2.07,1.0,5.29,173.0,19.86,8.15,112.42,57,140,1,3
1,0.98,7.48,0.93,0.0,7.33,159.0,10.68,24.65,101.15,177,48,2,3
1,0.63,9.76,0.68,0.0,5.69,67.0,24.72,6.12,63.43,185,108,3,3
1,0.26,6.4,2.63,5.0,4.13,156.0,12.35,6.69,101.86,150,68,2,2
1,0.34,0.12,3.23,0.0,3.83,134.0,5.62,7.17,93.44,111,74,1,3
1,0.19,0.18,0.97,0.0,3.05,202.0,24.85,10.45,126.44,208,49,1,2
1,0.7,5.21,4.73,3.0,5.57,123.0,9.9,10.32,87.66,113,74,2,1
1,0.05,5.04,0.14,7.0,2.91,20.0,12.54,9.32,37.25,38,109,3,2
1,0.76,4.01,0.97,2.0,6.45,154.0,15.06,18.36,100.34,77,144,3,2
1,0.79,2.69,4.64,,6.77,148.0,23.64,18.57,101.72,63,142,2,3
1,0.39,6.21,3.3,1.0,4.33,146.0,15.17,16.24,95.65,45,16,2,3
1,0.56,6.23,3.6,5.0,5.68,105.0,5.1,6.39,82.4,34,54,1,2
1,,8.27,1.48,4.0,5.16,31.0,9.21,9.09,45.28,79,168,3,3
0,,5.4,2.6,2.0,2.57,141.0,18.99,24.0,92.08,121,107,2,2
1,0.52,9.63,0.88,3.0,4.71,55.0,6.51,8.68,55.12,197,29,2,3
0,0.73,5.71,3.33,0.0,6.63,43.0,23.07,20.3,46.43,52,150,1,2
0,0.81,6.99,0.68,4.0,6.48,173.0,22.06,21.32,110.63,183,122,1,2
1,0.73,4.87,0.29,6.0,6.16,162.0,18.32,16.45,103.74,158,64,2,3
1,0.49,2.59,0.45,1.0,4.48,162.0,9.36,13.46,109.46,141,162,1,3
1,0.98,4.5,1.73,0.0,7.29,79.0,5.84,16.81,66.66,195,139,2,1
1,0.19,1.68,1.21,2.0,3.84,80.0,6.17,20.21,68.69,138,11,3,2
1,0.25,8.04,2.3,0.0,4.0,201.0,8.08,8.17,125.35,179,89,1,2
0,0.66,1.66,4.32,7.0,5.58,107.0,14.63,23.22,79.79,89,173,1,2
1,0.55,9.48,4.84,2.0,4.76,29.0,6.01,10.04,42.27,81,43,2,2
1,0.96,4.38,2.76,7.0,7.38,174.0,11.09,24.67,107.89,91,53,2,2
1,0.95,2.68,1.74,4.0,6.85,41.0,10.38,24.73,49.65,133,89,3,3
1,0.76,4.23,3.2,2.0,6.63,201.0,9.88,8.85,125.59,19,106,1,2
1,0.02,1.74,2.71,0.0,2.22,185.0,16.98,10.18,114.2,50,117,1,1
1,0.39,7.94,0.3,0.0,4.09,18.0,9.07,22.89,36.33,153,14,1,3
1,0.17,4.19,0.32,5.0,3.48,97.0,21.88,9.7,73.04,64,180,2,2
1,0.4,3.61,0.77,5.0,4.81,,18.05,6.17,82.29,191,101,1,3
0,0.46,1.4,2.49,6.0,4.73,85.0,15.74,23.63,68.65,38,91,2,2
1,0.5,1.68,0.13,5.0,5.09,102.0,19.79,9.78,75.29,159,133,2,3
1,0.12,3.16,1.89,0.0,3.08,109.0,9.3,15.8,83.67,10,52,1,2
1,0.92,1.76,,4.0,7.17,137.0,9.32,9.79,90.38,14,123,1,2
1,0.3,4.26,4.37,0.0,3.8,27.0,10.63,9.86,42.55,95,198,1,2
1,0.83,4.51,0.79,1.0,7.09,19.0,15.88,19.26,33.34,78,146,3,2
1,0.46,6.35,0.83,5.0,4.98,37.0,15.47,11.19,38.9,143,196,2,3
1,0.48,8.58,0.86,5.0,4.5,,7.95,8.25,49.64,200,58,1,3
1,0.52,0.02,4.93,4.0,5.28,16.0,9.76,9.18,32.26,192,103,1,3
1,0.09,4.22,0.69,1.0,3.25,16.0,11.01,16.73,35.19,88,50,1,2
1,0.67,5.8,0.79,7.0,6.0,160.0,13.41,12.35,103.42,31,202,1,3
1,0.53,5.99,4.56,0.0,4.65,,5.75,7.11,132.23,37,98,2,3
1,0.87,3.98,4.5,4.0,7.34,179.0,16.15,8.1,113.37,29,142,1,2
1,0.37,7.83,4.76,0.0,4.44,28.0,17.67,11.24,40.12,96,170,1,2
1,0.02,4.02,3.72,0.0,2.81,124.0,15.03,7.8,83.25,183,71,2,3
1,0.06,2.99,0.48,1.0,2.32,38.0,13.88,18.52,48.88,126,91,1,2
1,0.15,2.06,0.24,6.0,3.25,79.0,21.84,19.58,62.04,164,116,3,2
1,0.38,5.73,2.91,3.0,4.47,196.0,11.14,13.13,120.81,115,71,1,2
0,0.75,4.67,0.58,4.0,5.77,18.0,15.99,8.96,36.58,190,19,2,2
1,0.05,0.51,0.79,4.0,2.35,34.0,16.8,12.69,40.16,194,127,1,1
1,0.86,2.64,4.48,3.0,6.81,76.0,14.44,14.47,61.36,14,120,3,3
1,0.8,1.89,2.91,4.0,6.85,142.0,20.12,12.15,95.49,44,49,3,1
1,0.44,5.38,1.85,5.0,5.03,203.0,5.43,10.57,128.05,52,82,1,2
1,0.13,4.32,4.33,2.0,,165.0,6.37,9.14,109.74,139,58,1,1
1,0.27,7.87,2.55,1.0,4.21,153.0,19.49,9.37,103.41,189,155,1,3
1,0.22,8.27,1.09,5.0,3.43,188.0,14.91,5.26,120.05,195,99,1,1
1,0.08,0.25,0.4,5.0,2.44,79.0,8.17,6.84,60.42,40,41,3,3
0,,8.03,3.5,1.0,7.55,,16.7,6.87,33.0,45,205,3,1
1,0.51,4.9,0.96,3.0,5.29,,20.46,7.45,48.82,169,157,3,1
1,,6.7,2.58,0.0,4.09,102.0,12.35,15.62,77.56,20,148,1,1
1,0.77,6.31,0.45,4.0,6.52,39.0,7.17,16.5,42.31,89,40,2,1
1,0.17,9.07,4.31,1.0,2.86,204.0,16.95,6.38,128.15,14,63,2,2
1,0.46,9.52,2.85,2.0,4.4,75.0,15.31,13.34,63.99,168,104,2,1
1,0.33,4.8,2.17,,4.06,56.0,7.91,11.22,53.04,63,92,2,1
1,0.91,8.21,0.35,0.0,6.73,,23.82,17.71,50.65,202,22,3,2
1,0.41,1.01,4.29,4.0,4.88,39.0,5.17,8.58,42.67,35,97,2,1
1,0.43,6.85,4.6,2.0,4.66,171.0,11.17,12.87,107.43,176,160,1,2
1,0.12,8.78,,3.0,3.04,69.0,5.39,8.15,59.94,54,46,1,1
1,0.49,7.99,2.32,5.0,4.85,90.0,5.95,12.51,72.52,24,94,2,1
1,0.46,4.33,3.38,2.0,4.87,95.0,11.99,15.39,73.21,141,51,1,3
1,0.78,8.65,4.46,4.0,6.8,201.0,15.73,20.63,121.26,191,128,3,2
1,0.83,5.2,4.96,4.0,6.82,165.0,5.05,15.89,102.87,191,132,2,1
0,0.82,6.45,1.33,7.0,6.48,,20.26,14.64,35.68,73,115,1,2
1,0.65,8.71,2.88,1.0,5.77,24.0,20.0,6.66,34.28,20,190,1,2
1,0.17,3.0,4.51,2.0,3.56,184.0,12.11,12.44,113.77,77,135,2,1
0,0.64,2.64,3.28,3.0,5.83,,23.96,22.8,111.06,123,202,1,3
1,0.06,9.75,0.52,7.0,3.2,188.0,15.24,17.47,117.07,68,205,2,3
1,0.13,3.26,3.58,6.0,2.66,152.0,9.16,11.9,105.63,84,125,2,2
1,0.37,6.78,3.16,2.0,,180.0,12.07,15.98,116.32,119,26,1,1
0,0.38,3.99,3.25,0.0,4.14,184.0,15.64,19.88,115.2,114,112,2,3
1,0.29,3.0,0.08,7.0,3.92,69.0,5.42,12.22,55.51,141,118,1,2
1,0.29,3.67,0.24,7.0,3.77,163.0,15.03,23.16,109.71,95,149,3,2
1,0.96,4.12,1.14,3.0,7.51,133.0,8.2,16.1,94.32,20,134,2,3
1,0.66,0.1,0.17,6.0,5.56,148.0,6.81,22.09,98.85,85,143,2,2
1,0.71,6.6,2.15,7.0,6.53,,13.79,20.13,94.83,48,155,2,3
1,0.63,5.23,0.24,6.0,5.88,151.0,18.49,6.27,100.5,171,13,1,3
1,0.01,9.1,0.97,6.0,3.0,90.0,14.34,9.35,66.0,176,17,1,3
1,,3.86,0.29,0.0,,198.0,18.54,9.75,127.34,141,127,1,1
0,0.33,9.77,4.97,3.0,4.53,200.0,16.82,24.02,121.54,12,203,3,2
1,0.23,1.74,2.48,4.0,3.69,25.0,17.14,8.59,40.09,16,146,1,1
1,0.41,2.95,4.54,4.0,4.32,84.0,5.33,8.0,67.89,94,171,1,3
1,0.43,0.03,4.78,0.0,4.68,95.0,9.05,15.05,68.26,178,187,1,2
1,0.28,0.67,2.93,0.0,4.18,85.0,22.04,5.63,64.64,127,179,3,3
1,0.62,2.93,0.32,1.0,5.82,197.0,6.79,22.3,121.37,129,127,1,3
1,0.75,8.3,1.4,1.0,5.95,146.0,6.35,14.96,94.19,165,18,3,2
1,0.79,2.36,2.05,4.0,6.55,143.0,6.76,24.9,99.16,45,97,2,2
1,0.51,0.72,2.45,1.0,,13.0,11.04,8.32,35.54,190,22,1,3
1,0.53,5.67,2.92,1.0,4.96,11.0,13.43,9.32,26.76,149,96,2,1
1,0.65,1.74,2.76,1.0,,63.0,22.72,5.47,60.39,71,46,1,1
0,0.67,0.29,1.65,6.0,5.82,64.0,9.68,14.08,54.78,184,76,1,2
1,0.49,8.78,0.67,3.0,4.54,85.0,6.27,18.4,62.9,138,188,1,1
1,,4.53,4.57,2.0,4.47,150.0,5.27,19.01,103.87,151,76,2,3
1,0.88,9.72,1.59,4.0,6.77,10.0,6.5,20.98,28.54,28,100,2,2
1,0.85,3.02,2.5,0.0,6.44,142.0,18.82,24.11,95.63,195,77,2,2
1,0.6,4.26,0.48,5.0,5.29,177.0,19.59,14.05,116.75,35,182,1,3
0,0.62,5.77,0.66,3.0,5.7,,10.37,15.09,93.45,36,28,1,1
0,0.19,1.33,3.92,2.0,3.17,78.0,12.71,22.16,66.25,205,10,2,2
1,0.81,1.12,4.23,0.0,6.96,200.0,8.09,8.61,121.0,24,204,2,2
0,0.78,2.44,1.63,6.0,6.81,84.0,14.48,7.77,70.88,125,199,1,2
1,0.0,7.43,0.52,6.0,2.8,115.0,6.64,22.35,83.39,103,166,1,2
1,0.94,5.04,1.28,2.0,7.19,182.0,14.41,13.22,111.93,28,182,3,3
1,0.18,6.51,2.4,0.0,3.44,33.0,9.31,10.26,38.48,96,158,2,1
1,0.71,3.65,1.09,7.0,6.47,49.0,21.49,18.84,49.17,122,120,3,2
1,0.39,0.48,1.79,1.0,4.78,181.0,10.29,19.56,114.21,52,35,2,1
1,0.33,7.95,0.39,5.0,4.14,190.0,22.59,24.29,123.38,132,190,2,3
1,0.29,8.91,4.36,1.0,3.96,49.0,6.68,17.52,45.21,94,200,2,2
1,0.98,0.22,5.0,5.0,7.51,97.0,7.68,13.74,77.45,51,111,2,2
1,0.4,7.18,3.64,2.0,4.13,198.0,5.68,8.73,126.67,141,155,1,2
1,0.54,4.07,0.19,2.0,5.49,136.0,14.77,23.32,92.21,175,81,1,2
1,0.16,2.88,2.41,2.0,3.33,,6.05,16.11,114.86,59,132,3,3
1,0.96,5.47,3.66,7.0,7.19,187.0,10.95,17.38,122.54,138,13,3,2
1,0.55,1.12,0.26,2.0,5.44,150.0,11.51,10.77,103.63,168,170,2,2
1,0.23,6.79,2.94,7.0,3.72,163.0,14.58,5.7,103.39,203,54,1,2
0,0.52,3.73,2.67,1.0,4.89,150.0,6.85,22.79,100.08,95,112,1,2
1,0.01,0.08,1.31,,2.49,64.0,7.75,18.18,58.6,135,88,1,2
1,0.14,1.12,0.79,1.0,3.43,180.0,13.27,19.93,114.27,78,129,1,3
1,0.34,6.91,3.0,2.0,3.92,204.0,5.29,14.76,126.27,164,40,2,2
1,0.59,2.34,4.49,0.0,5.33,97.0,7.53,8.39,70.97,20,193,1,3
0,0.15,9.51,4.09,7.0,3.21,129.0,19.13,20.09,88.88,198,134,2,3
1,0.58,7.63,4.31,4.0,5.83,55.0,5.32,12.23,55.08,130,154,2,2
1,0.76,7.45,3.51,2.0,6.29,83.0,21.14,22.48,62.04,77,183,2,2
1,0.55,2.3,4.74,4.0,5.38,149.0,8.27,8.21,95.23,156,120,1,2
1,0.66,2.58,0.54,7.0,5.65,182.0,12.27,14.13,111.86,195,61,2,2
1,0.5,1.64,2.84,5.0,5.48,100.0,7.19,7.27,72.61,18,139,1,1
1,0.64,3.42,0.08,4.0,6.03,117.0,21.56,23.52,82.32,91,118,2,1
1,0.79,0.66,3.13,0.0,6.95,103.0,11.35,17.9,76.33,53,110,2,3
1,0.78,7.67,3.85,7.0,6.21,141.0,20.22,12.98,92.56,60,50,2,3
0,0.65,0.88,1.38,3.0,6.09,117.0,21.33,10.79,84.38,178,57,2,2
0,0.39,2.12,2.05,4.0,4.16,200.0,17.63,13.06,127.45,152,154,1,2
1,0.11,5.22,0.65,3.0,3.37,50.0,19.79,24.32,49.48,173,14,3,2
1,0.08,6.09,1.57,0.0,3.35,,6.75,20.47,117.23,139,45,1,3
1,0.01,7.3,3.73,4.0,2.26,29.0,12.54,11.98,39.77,115,29,3,1
1,0.13,3.03,3.92,0.0,2.66,50.0,7.04,22.18,51.49,176,38,3,3
1,0.57,1.19,4.11,0.0,5.16,,13.29,8.15,109.06,10,81,1,2
1,0.4,0.48,0.54,4.0,4.06,40.0,15.08,15.04,47.75,91,177,1,1
1,0.14,6.73,2.11,4.0,2.97,180.0,14.09,8.87,118.18,33,101,3,2
1,0.73,6.32,1.14,6.0,6.07,19.0,12.6,12.35,35.54,206,180,3,2
1,0.57,5.2,0.08,6.0,5.1,104.0,12.58,5.93,79.72,145,163,1,1
1,0.39,1.64,0.75,5.0,4.23,151.0,21.02,20.92,104.11,176,128,2,2
1,0.36,5.92,1.23,4.0,4.05,176.0,11.81,11.18,111.23,105,130,1,2
0,0.87,0.65,3.39,6.0,7.12,196.0,16.83,5.38,120.48,209,146,2,1
1,0.65,7.95,0.44,1.0,5.42,,19.98,9.72,71.04,85,155,1,2
1,0.3,6.64,2.24,5.0,3.85,156.0,8.6,8.53,100.78,91,29,1,2
1,0.6,4.89,1.0,4.0,5.3,112.0,16.93,7.54,80.27,167,162,2,3
1,0.2,9.66,2.4,0.0,3.19,109.0,14.09,17.34,76.24,86,20,1,2
1,0.01,3.01,3.15,1.0,2.19,158.0,11.74,9.76,102.52,77,170,1,3
0,0.56,9.89,1.27,7.0,5.78,193.0,21.41,22.74,118.93,25,38,1,1
1,0.1,2.11,2.13,1.0,2.61,64.0,19.33,13.65,54.15,173,19,1,3
0,0.4,3.32,4.62,6.0,4.69,156.0,9.66,23.66,100.95,176,96,2,1
0,0.68,8.31,2.93,7.0,5.49,,21.18,19.69,103.36,130,173,1,2
1,0.46,1.22,1.44,0.0,4.77,,23.79,11.32,105.04,122,123,3,2
1,0.29,1.93,3.33,0.0,3.54,125.0,19.97,8.19,85.02,47,18,1,1
1,1.0,5.59,0.96,6.0,7.23,198.0,21.76,14.92,122.25,38,146,3,3
0,0.31,5.64,3.83,,4.47,53.0,24.78,17.19,53.39,76,33,2,2
1,0.52,2.11,2.81,4.0,5.34,19.0,19.1,8.48,34.74,37,201,2,2
1,0.33,5.81,4.47,1.0,4.51,75.0,8.1,19.53,62.32,201,93,2,1
1,0.35,7.52,3.6,2.0,4.7,103.0,5.05,10.04,77.98,33,13,1,2
1,0.55,3.69,2.97,1.0,5.03,96.0,14.14,6.61,71.75,184,131,1,2
1,0.81,6.88,4.19,7.0,6.51,,5.19,17.1,128.43,95,84,2,3
1,0.71,7.04,3.13,3.0,5.65,126.0,14.5,19.39,92.13,97,150,2,2
1,0.11,5.31,4.43,4.0,2.83,190.0,11.38,8.25,122.09,16,94,2,3
1,0.24,8.22,2.89,1.0,3.25,199.0,12.79,7.35,126.26,48,169,1,1
1,0.21,6.66,3.57,1.0,3.14,192.0,8.9,10.14,116.47,71,111,1,1
1,0.68,1.56,4.52,,5.85,30.0,17.71,11.21,38.92,89,179,3,2
1,0.32,4.98,4.87,5.0,4.18,19.0,9.83,7.23,30.08,12,60,1,2
1,0.68,1.92,1.61,2.0,6.04,155.0,21.83,7.78,101.03,25,160,1,2
1,0.81,6.07,4.97,6.0,6.36,,18.12,5.38,79.25,16,71,2,3
1,0.82,6.04,1.06,0.0,6.41,143.0,23.38,14.94,97.41,157,79,2,3
1,0.71,3.97,2.12,3.0,5.62,106.0,24.87,5.23,73.39,20,13,1,2
1,0.97,6.99,1.31,4.0,7.63,155.0,11.19,14.35,105.43,53,62,2,1
1,0.35,2.77,4.5,0.0,3.76,142.0,16.64,16.28,99.45,77,100,3,2
1,0.03,1.69,4.47,0.0,2.41,149.0,5.25,8.72,97.95,162,140,1,2
1,0.51,1.93,1.3,0.0,5.29,185.0,16.48,11.56,116.45,23,164,2,2
1,0.64,1.06,0.6,7.0,5.37,183.0,18.36,11.76,112.52,144,35,2,1
1,0.05,1.55,0.4,4.0,2.83,204.0,7.72,6.81,126.12,27,18,1,2
1,0.17,8.12,0.14,5.0,3.43,146.0,7.53,12.94,101.88,56,157,3,3
1,0.33,4.41,5.0,2.0,4.49,24.0,15.86,13.7,39.24,16,103,1,3
0,0.33,3.41,4.09,5.0,3.74,,21.11,23.26,28.41,13,202,1,2
1,0.04,9.39,1.59,3.0,2.95,142.0,9.11,14.11,95.4,118,60,1,2
1,0.62,8.19,3.45,0.0,5.47,41.0,9.3,15.03,42.47,117,105,2,3
1,0.42,5.42,2.12,0.0,4.59,,22.14,12.37,43.75,41,67,2,3
1,0.18,8.05,3.2,0.0,3.3,150.0,13.04,17.2,98.2,71,73,2,2
1,0.32,1.07,4.37,0.0,4.15,194.0,20.98,8.11,123.96,114,115,1,2
1,0.37,4.62,0.42,4.0,4.65,144.0,17.16,22.47,98.29,88,162,1,2
1,0.57,5.04,4.64,2.0,5.59,142.0,18.98,5.3,97.74,83,23,1,2
1,0.23,4.09,4.35,3.0,3.72,107.0,14.72,13.36,82.84,169,84,2,2
1,0.54,1.03,3.71,4.0,5.55,175.0,21.3,5.46,109.95,183,70,1,2
1,0.87,4.71,3.49,4.0,7.23,112.0,22.04,5.7,83.21,26,83,2,2
1,0.0,4.95,2.67,3.0,2.79,95.0,16.5,8.29,75.38,169,55,2,3
1,0.77,7.53,1.48,7.0,6.39,200.0,13.92,17.24,126.81,200,194,2,2
0,0.57,8.56,1.74,5.0,5.34,93.0,24.27,16.47,71.08,83,64,2,1
1,0.52,0.75,4.28,1.0,4.76,122.0,7.91,10.04,81.64,56,45,1,1
1,0.67,6.65,1.05,2.0,6.14,26.0,19.64,10.9,41.26,171,111,2,3
1,0.09,7.1,0.36,7.0,3.1,50.0,17.78,12.45,51.59,41,19,3,1
1,0.2,2.07,4.32,4.0,3.56,45.0,10.12,14.86,43.93,151,28,1,2
1,0.38,7.25,2.85,4.0,4.43,48.0,11.42,12.95,53.36,54,129,1,3
1,0.8,0.13,0.14,3.0,6.39,,6.12,18.23,68.85,104,73,2,1
0,0.66,0.64,,5.0,6.14,89.0,23.53,19.23,66.16,13,154,2,3
0,0.66,8.47,0.86,4.0,5.98,99.0,8.49,22.55,78.61,98,98,1,1
1,0.47,6.43,0.77,6.0,4.93,94.0,13.56,8.41,73.67,196,46,1,1
1,0.02,9.61,0.02,5.0,2.54,63.0,17.11,9.25,52.24,193,206,2,2
1,0.72,9.3,4.09,1.0,6.03,62.0,12.93,21.9,52.58,114,80,3,1
1,0.01,1.28,0.65,0.0,2.31,35.0,7.1,19.39,42.65,145,179,1,2
1,0.43,5.42,0.72,4.0,4.16,117.0,19.85,19.83,85.72,161,36,1,1
1,0.27,5.82,4.41,0.0,3.58,56.0,7.92,20.05,57.82,200,28,2,3
1,0.42,3.55,,2.0,4.29,120.0,18.74,19.45,87.74,197,145,1,2
1,0.9,0.95,2.59,3.0,6.72,42.0,12.42,6.64,46.39,30,15,1,1
1,0.82,3.23,2.42,7.0,6.86,39.0,12.41,19.67,46.79,145,90,2,2
1,0.83,2.94,2.19,5.0,6.74,62.0,6.84,15.38,60.57,113,93,2,3
1,0.75,1.71,4.33,6.0,6.62,113.0,24.92,5.51,81.04,25,149,1,3
1,0.5,4.28,0.49,0.0,4.73,173.0,22.56,19.66,112.65,138,197,3,3
1,,2.98,0.68,2.0,6.48,91.0,9.11,12.58,74.11,207,105,2,1
1,0.33,9.0,4.53,2.0,4.57,145.0,5.09,18.05,93.02,113,205,1,2
1,0.53,8.59,0.02,6.0,5.24,115.0,19.02,23.6,86.72,153,90,2,3
1,0.63,8.81,,1.0,5.19,33.0,20.05,10.93,45.9,20,142,1,2
0,0.68,5.66,3.76,6.0,6.13,43.0,22.62,15.2,41.64,114,42,1,2
1,0.96,1.25,3.0,5.0,7.69,25.0,12.34,23.26,33.55,164,13,3,1
0,0.5,7.89,4.84,3.0,5.37,180.0,22.53,10.12,113.57,90,124,1,2
1,0.8,5.22,0.58,3.0,6.9,140.0,5.26,23.38,94.34,190,18,3,1
1,0.17,2.08,3.1,2.0,3.74,168.0,19.63,9.79,111.47,19,168,1,3
1,0.97,8.32,1.68,5.0,7.61,75.0,16.82,21.38,60.19,32,201,2,3
1,0.51,0.49,1.24,5.0,4.59,,5.97,12.87,46.87,89,191,2,2
1,0.92,6.26,0.11,5.0,6.82,92.0,23.77,23.58,70.63,109,39,3,2
1,0.41,4.07,3.34,0.0,4.85,130.0,12.9,15.76,87.09,162,25,3,1
1,0.36,6.5,2.79,0.0,4.4,128.0,8.63,21.38,88.71,114,125,1,1
1,0.81,8.96,0.6,3.0,6.35,195.0,21.39,19.34,125.26,98,194,3,1
1,0.34,2.0,3.11,1.0,4.07,,12.6,13.28,75.81,181,127,1,1
1,0.6,4.43,1.79,4.0,5.7,27.0,10.43,10.63,36.04,116,81,3,2
1,0.34,1.53,0.6,1.0,4.33,55.0,13.08,24.28,53.07,188,156,1,1
1,0.3,5.3,3.41,2.0,4.26,154.0,14.42,15.19,105.97,12,10,1,1
1,0.07,0.21,4.39,4.0,2.65,168.0,9.95,10.2,104.64,193,124,3,3
0,0.46,5.37,4.23,6.0,5.1,80.0,15.52,10.31,67.59,66,105,3,1
1,0.61,6.75,2.87,7.0,5.8,21.0,8.66,9.15,39.87,33,203,1,3
1,0.62,3.3,4.42,2.0,5.11,44.0,6.42,5.76,47.65,23,72,2,3
1,0.07,9.27,0.78,6.0,2.85,175.0,23.18,13.58,114.57,22,174,1,2
1,0.84,2.03,2.28,5.0,6.36,,21.89,18.45,109.33,135,171,3,2
1,0.03,7.17,4.34,1.0,3.13,160.0,9.54,5.48,100.27,16,156,1,2
1,0.97,7.43,2.94,1.0,7.51,137.0,24.33,14.6,94.03,175,140,2,2
1,0.31,9.31,2.92,2.0,4.46,191.0,18.4,7.57,119.76,202,195,2,3
1,0.04,4.67,0.28,6.0,2.89,206.0,6.95,16.35,125.84,200,85,1,2
1,0.27,5.19,0.86,6.0,4.3,132.0,11.73,10.38,95.94,132,206,1,3
1,0.08,9.1,3.87,0.0,2.44,121.0,5.81,9.27,83.62,76,62,1,2
1,0.48,9.27,4.44,2.0,4.51,162.0,15.16,14.67,107.5,95,33,3,3
1,0.45,8.66,0.84,7.0,4.76,47.0,20.89,12.27,51.25,182,26,1,2
1,0.46,1.28,4.44,4.0,4.39,156.0,12.15,13.09,100.48,150,81,3,3
1,0.3,8.73,4.85,1.0,3.79,180.0,6.31,13.24,116.92,62,171,1,2
1,0.78,8.35,1.11,5.0,6.65,166.0,20.22,10.41,105.8,26,150,1,2
1,0.05,4.88,4.66,2.0,2.45,129.0,14.0,7.53,91.1,13,91,1,2
1,0.25,5.23,1.59,0.0,3.55,84.0,10.77,18.66,71.5,125,41,2,3
0,0.52,2.99,3.06,4.0,5.17,121.0,16.18,13.49,86.87,209,120,1,3
1,0.5,5.02,4.46,5.0,4.99,171.0,10.58,10.89,108.29,103,20,3,2
1,0.26,9.83,0.47,0.0,3.83,54.0,7.89,14.15,53.55,114,156,2,2
1,0.97,1.31,2.93,1.0,6.88,,7.75,13.22,27.29,195,140,3,2
1,0.25,9.42,3.85,0.0,3.3,158.0,10.13,10.69,106.19,125,200,1,2
1,0.77,0.88,1.19,,6.2,64.0,23.05,23.78,60.13,78,123,3,2
1,0.41,0.84,,7.0,4.5,198.0,21.43,7.68,124.18,111,138,1,3
1,0.77,3.96,2.36,2.0,6.71,66.0,6.74,20.58,59.87,32,143,2,2
0,0.32,7.69,0.52,1.0,4.28,158.0,17.67,11.31,108.13,80,40,2,2
1,0.62,4.09,2.43,7.0,5.99,200.0,7.25,5.78,124.48,121,93,2,3
1,0.33,3.19,4.6,2.0,4.05,85.0,10.64,11.96,67.03,118,16,3,2
1,0.8,5.78,3.17,3.0,6.58,112.0,11.38,13.61,83.85,206,66,2,2
1,0.43,0.16,2.69,4.0,4.85,54.0,19.0,6.17,56.99,209,70,2,2
1,0.12,8.33,0.05,3.0,3.53,162.0,6.28,19.9,105.15,49,185,3,1
1,0.93,9.22,0.96,1.0,7.38,168.0,17.42,23.27,113.04,31,156,3,1
1,0.35,1.9,1.92,1.0,3.89,,8.68,20.08,41.09,164,116,1,3
1,0.36,6.94,2.96,1.0,4.26,153.0,21.48,7.63,103.99,122,75,2,2
1,0.08,1.59,,4.0,2.9,76.0,7.77,13.16,64.43,138,141,3,2
1,0.41,0.66,3.45,5.0,,37.0,10.0,6.48,38.53,148,104,1,2
1,0.49,2.27,1.39,3.0,5.09,169.0,19.26,5.86,114.29,142,182,1,2
1,0.95,0.71,4.61,3.0,7.13,108.0,8.12,14.79,76.82,175,111,2,3
1,0.08,4.84,2.27,3.0,2.41,161.0,9.26,11.37,104.62,148,154,1,1
1,0.43,0.2,4.06,6.0,4.24,201.0,8.65,9.4,128.5,93,47,1,3
1,0.14,8.29,2.45,3.0,,17.0,7.91,11.81,37.58,22,47,3,2
1,0.94,6.85,,3.0,6.85,97.0,11.86,12.03,76.15,121,47,3,2
1,0.83,9.52,3.4,3.0,7.08,170.0,18.64,20.33,112.33,209,21,2,3
1,0.43,1.35,3.95,0.0,4.17,,5.53,12.88,67.09,123,113,1,1
1,0.48,6.12,4.02,3.0,5.14,64.0,7.44,14.62,57.67,27,123,1,3
1,0.61,5.11,1.63,,5.51,152.0,5.52,18.36,103.4,163,170,2,1
1,0.33,2.81,2.37,4.0,4.09,154.0,7.07,15.88,103.83,124,176,1,2
1,0.59,7.29,1.17,3.0,5.78,135.0,5.26,10.98,93.25,161,35,1,1
1,0.29,8.52,0.77,1.0,3.9,95.0,7.97,7.39,68.82,121,83,1,3
1,0.23,8.76,2.73,1.0,3.74,147.0,10.95,7.0,94.82,22,123,3,2
0,0.41,7.91,4.98,2.0,4.13,155.0,20.49,22.1,105.2,24,147,2,3
1,0.34,3.63,0.27,7.0,4.23,20.0,18.52,6.63,39.82,199,191,1,3
1,0.97,9.54,0.35,7.0,7.39,188.0,6.0,12.19,117.06,162,177,3,2
1,0.05,0.41,2.75,2.0,2.86,16.0,7.42,18.01,31.23,160,69,1,3
1,0.9,2.58,3.39,0.0,6.98,,21.77,19.3,75.18,44,77,3,3
0,0.26,2.01,1.94,5.0,3.97,29.0,14.32,15.25,36.06,94,10,2,1
1,0.18,2.16,4.38,1.0,3.47,173.0,11.98,15.67,107.6,194,144,3,1
1,0.45,0.89,4.95,0.0,,142.0,8.77,20.11,93.59,66,192,2,2
1,0.07,5.54,1.64,4.0,2.94,173.0,20.9,6.27,108.37,76,183,1,2
1,0.97,0.55,2.34,6.0,7.62,65.0,23.15,23.71,59.95,179,77,3,2
1,0.6,6.01,2.49,1.0,5.6,165.0,11.4,17.04,107.43,173,173,1,2
1,0.55,5.41,2.52,2.0,5.57,44.0,8.62,16.63,45.48,130,196,1,2
1,0.72,8.88,1.55,0.0,5.75,158.0,17.76,21.85,103.33,110,197,3,1
1,0.97,6.72,0.06,5.0,7.13,186.0,10.04,17.72,117.88,119,204,3,3
1,0.25,4.16,0.85,6.0,3.28,176.0,22.29,12.43,112.12,40,163,1,3
1,0.24,1.75,4.79,1.0,3.69,171.0,7.89,19.72,105.92,76,133,2,1
1,0.77,6.04,0.34,7.0,6.7,117.0,13.47,24.21,81.39,177,135,2,3
1,0.08,7.77,0.67,7.0,2.66,104.0,15.69,11.94,79.12,121,79,3,2
1,0.76,0.6,0.55,5.0,6.45,134.0,8.46,19.26,89.4,64,186,2,3
1,0.3,1.17,,1.0,4.27,17.0,22.71,9.2,37.7,154,163,3,2
1,0.77,6.1,1.31,0.0,6.79,141.0,18.3,11.6,98.38,39,42,3,2
1,0.68,9.77,0.43,1.0,5.41,142.0,24.21,12.64,92.32,152,180,1,3
1,0.24,0.67,3.47,2.0,4.09,,23.01,9.43,112.91,202,18,1,2
1,0.16,2.42,3.8,2.0,3.29,59.0,17.83,6.46,51.18,61,45,1,2
1,0.74,8.0,4.13,6.0,5.71,137.0,12.14,20.87,96.66,16,23,2,2
1,0.66,8.89,2.34,3.0,5.41,45.0,11.06,11.39,46.42,206,16,1,2
1,0.02,4.89,4.82,4.0,2.99,48.0,17.26,5.66,45.73,104,189,2,2
1,0.8,2.83,4.29,6.0,6.31,164.0,8.23,10.35,105.63,10,114,1,1
0,0.33,2.4,,7.0,4.27,205.0,12.1,20.22,128.62,80,119,1,2
1,0.23,9.26,3.56,,3.55,80.0,8.33,6.0,69.23,98,94,1,1
1,0.71,6.21,0.72,2.0,6.4,146.0,11.5,14.36,99.88,122,38,3,2
1,0.86,0.49,0.31,5.0,6.5,145.0,10.64,16.04,101.76,132,17,2,3
1,0.35,2.67,4.42,2.0,3.78,94.0,6.47,18.83,69.92,144,68,2,2
1,0.53,0.2,3.62,1.0,4.81,185.0,20.58,11.59,116.91,176,53,3,1
1,0.98,5.85,1.9,0.0,7.04,187.0,16.15,24.5,116.94,24,209,2,3
1,0.07,1.08,1.61,6.0,2.71,143.0,12.23,9.69,94.93,121,151,2,3
1,0.27,6.4,3.98,0.0,3.46,21.0,9.59,12.54,31.16,201,125,1,3
1,0.34,1.94,0.08,7.0,4.37,53.0,8.62,11.78,55.45,174,23,2,2
1,0.22,7.63,3.87,3.0,3.81,45.0,19.55,9.2,51.18,63,47,2,2
0,0.08,8.51,4.12,6.0,3.26,196.0,23.6,9.6,126.43,35,149,1,3
1,0.94,6.1,2.26,2.0,7.35,125.0,23.02,12.8,84.93,192,160,2,2
1,0.67,1.44,0.6,7.0,5.8,115.0,7.18,18.26,83.37,33,185,1,2
1,0.55,9.56,4.61,2.0,4.86,61.0,20.08,6.75,56.34,117,122,1,1
0,0.82,4.37,3.24,7.0,6.96,115.0,6.19,13.55,87.19,198,154,1,2
0,0.43,7.65,3.9,4.0,4.62,191.0,19.58,20.9,121.76,134,128,2,2
1,0.05,0.57,2.86,2.0,3.25,148.0,7.95,14.74,98.08,59,70,1,3
1,0.61,9.56,1.71,1.0,5.62,,16.28,8.76,107.82,80,99,1,2
1,0.11,5.55,0.73,3.0,2.86,45.0,18.97,23.84,46.71,139,196,1,1
1,0.83,1.41,2.88,4.0,6.94,136.0,7.57,21.61,92.83,26,147,3,2
1,0.37,8.58,0.57,1.0,4.18,187.0,24.77,8.68,118.46,98,142,3,2
1,0.55,0.49,0.96,3.0,4.98,188.0,6.75,23.92,120.4,127,82,3,1
1,0.77,2.15,2.02,4.0,6.41,,21.41,14.19,124.38,90,36,3,2
0,0.83,7.08,1.01,2.0,6.75,187.0,7.83,12.54,114.05,22,138,1,2
1,0.95,5.21,4.77,5.0,7.36,169.0,14.44,15.12,114.13,48,196,3,3
1,0.6,8.93,2.59,1.0,5.04,37.0,6.67,8.52,41.46,83,130,2,3
1,0.62,8.92,3.67,1.0,5.11,105.0,8.6,15.03,79.69,22,195,2,2
1,0.0,5.92,4.48,0.0,2.53,137.0,19.01,12.08,93.12,162,95,3,2
1,0.47,7.7,2.93,4.0,4.93,170.0,11.9,7.1,105.1,155,14,2,2
1,0.71,1.92,3.46,4.0,6.05,121.0,19.13,14.99,88.94,67,164,2,2
1,0.3,0.82,4.44,3.0,3.95,70.0,6.98,8.37,56.53,126,57,1,3
1,0.87,4.06,2.02,1.0,6.54,43.0,16.63,21.33,42.16,112,24,2,2
1,0.96,3.24,2.31,0.0,6.86,188.0,6.75,13.77,118.53,88,134,2,3
1,0.61,0.28,0.07,,5.06,162.0,24.15,14.16,110.38,132,174,1,2
1,0.81,5.63,0.54,2.0,6.92,31.0,14.19,11.34,42.93,14,21,2,2
0,0.88,4.3,0.31,6.0,6.48,81.0,15.04,12.18,68.04,102,46,1,3
1,0.45,8.22,1.22,6.0,4.61,176.0,17.34,6.25,108.9,157,201,1,2
1,0.54,5.05,1.02,6.0,5.36,118.0,12.73,8.53,83.92,153,13,1,1
1,0.32,8.91,1.64,0.0,4.16,50.0,20.32,12.36,50.27,53,59,1,2
1,0.36,3.85,0.98,4.0,4.61,101.0,23.92,5.96,75.98,33,156,3,1
1,0.94,0.1,0.74,6.0,7.48,89.0,5.16,16.38,66.53,199,113,3,2
1,0.81,3.3,3.8,4.0,6.11,12.0,23.68,12.22,30.94,10,202,3,2
1,0.08,2.34,1.9,0.0,3.06,33.0,5.29,14.15,39.9,76,198,2,3
1,0.01,1.32,4.61,0.0,2.41,62.0,13.4,8.7,55.76,70,172,1,3
1,0.32,2.43,2.83,3.0,4.48,57.0,9.1,6.48,52.33,20,209,1,2
0,0.61,9.5,2.44,6.0,5.17,81.0,5.35,15.14,68.28,197,97,2,2
1,0.94,1.55,3.63,0.0,7.03,97.0,15.53,8.54,74.08,13,91,3,1
1,0.98,6.76,1.22,5.0,7.89,,10.94,19.27,30.94,131,51,3,3
1,0.01,4.65,3.28,0.0,2.53,130.0,20.63,6.68,87.28,196,34,2,2
1,0.42,6.14,4.27,7.0,4.82,57.0,12.06,8.4,57.76,103,79,3,2
0,0.17,7.82,1.4,2.0,3.51,172.0,24.97,12.15,114.36,148,138,1,2
1,0.34,1.16,2.23,7.0,4.09,106.0,6.22,11.79,78.65,183,200,3,1
1,0.09,1.3,2.58,1.0,2.82,59.0,19.01,10.4,57.36,22,157,2,2
1,0.79,8.32,2.28,2.0,6.11,94.0,24.86,16.13,76.34,122,121,2,3
0,0.38,4.9,0.37,0.0,4.12,177.0,23.0,15.86,115.71,81,23,1,1
0,0.06,1.38,4.6,0.0,2.59,83.0,13.31,21.43,65.77,46,119,1,2
1,0.25,1.97,0.86,6.0,4.23,102.0,22.83,5.67,79.93,83,149,1,3
1,0.62,5.27,1.86,2.0,,111.0,21.05,10.75,76.37,57,86,2,2
1,0.91,7.53,0.71,7.0,7.29,83.0,16.19,16.35,66.51,159,58,3,2
1,0.27,6.15,0.81,6.0,4.02,126.0,19.29,20.27,85.43,124,109,2,2
1,0.16,9.13,1.96,2.0,3.46,48.0,8.81,17.69,51.26,99,41,1,3
1,0.98,5.86,2.94,3.0,7.53,181.0,22.2,15.17,119.76,110,84,3,3
1,0.57,4.99,2.65,5.0,4.9,191.0,16.49,7.05,121.01,29,109,3,3
1,0.6,0.69,0.53,2.0,5.38,107.0,24.09,7.87,75.17,68,199,2,2
1,0.36,4.56,4.41,3.0,4.43,162.0,22.75,6.14,105.6,147,103,1,1
1,0.29,3.59,3.95,4.0,4.22,41.0,9.13,6.71,50.46,113,155,2,1
1,0.92,2.65,0.89,2.0,6.96,108.0,12.23,17.51,79.62,74,73,2,1
1,0.77,9.21,3.87,5.0,6.77,128.0,15.78,12.58,86.05,57,144,2,1
0,0.83,7.53,2.9,0.0,6.51,86.0,8.42,8.73,64.85,94,128,1,1
1,0.15,5.24,1.36,2.0,3.26,184.0,5.52,17.23,112.08,98,191,2,2
1,0.5,7.34,2.09,2.0,4.51,111.0,11.75,14.1,80.77,137,144,1,3
1,0.53,8.83,3.64,0.0,5.56,71.0,22.49,9.8,55.91,82,87,1,3
1,0.1,2.24,3.93,1.0,2.89,15.0,6.55,6.87,28.87,149,67,1,3
1,0.65,8.42,0.29,3.0,6.19,109.0,13.3,6.89,76.07,170,202,3,2
1,0.49,5.75,0.93,7.0,5.42,173.0,20.7,15.57,116.04,136,62,3,1
0,0.95,6.67,1.51,0.0,7.5,170.0,23.14,15.29,106.23,41,98,1,1
1,0.2,8.55,4.87,6.0,3.74,196.0,7.12,5.54,121.59,19,158,1,2
0,0.32,8.27,0.6,5.0,4.18,93.0,13.9,17.63,75.05,42,67,2,2
1,0.62,1.66,,6.0,5.8,194.0,14.42,21.15,118.14,205,115,2,2
1,0.51,0.25,4.37,5.0,4.62,37.0,10.61,10.11,44.69,13,209,1,3
1,0.7,6.67,2.39,3.0,5.59,112.0,15.44,10.66,77.79,99,155,1,2
1,0.55,6.42,4.75,2.0,5.72,86.0,8.94,13.84,65.82,206,208,3,2
1,0.83,0.37,3.47,1.0,6.89,55.0,9.61,23.12,48.95,114,141,2,2
1,,2.29,0.69,7.0,4.53,21.0,15.14,6.24,31.12,164,58,3,2
1,0.85,2.47,0.59,7.0,6.89,,15.65,20.69,57.03,96,119,3,2
1,0.1,5.06,3.92,3.0,2.87,197.0,5.57,8.18,119.09,121,116,1,3
1,0.2,4.13,0.75,0.0,3.45,,13.47,24.12,118.79,66,163,1,1
1,0.99,4.76,1.47,1.0,7.48,83.0,22.55,12.99,61.81,176,175,2,2
1,0.24,5.68,0.34,3.0,3.44,117.0,17.26,14.02,82.97,185,168,3,2
1,0.84,9.05,2.58,4.0,6.5,23.0,21.1,17.57,33.41,137,154,3,1
1,,9.69,1.91,1.0,5.46,197.0,13.09,5.0,123.58,187,69,1,3
1,0.13,2.33,3.75,6.0,3.28,93.0,14.95,7.9,72.43,38,115,1,2
0,0.89,6.64,2.96,3.0,7.06,,13.35,14.39,37.62,65,94,1,3
0,0.56,6.41,1.16,3.0,5.72,102.0,14.67,19.65,78.52,167,164,2,3
1,0.59,0.57,1.76,3.0,5.41,64.0,5.7,18.77,53.3,143,187,1,2
1,0.26,3.32,0.82,2.0,4.15,,24.11,17.06,84.49,153,101,2,3
1,0.45,5.66,,4.0,5.01,31.0,9.46,11.08,35.95,97,65,1,3
1,0.67,7.06,4.39,1.0,5.37,23.0,17.5,10.15,39.22,92,206,3,3
1,0.56,5.67,2.32,2.0,5.36,146.0,5.58,17.8,94.66,159,104,1,2
0,0.87,5.28,,6.0,6.87,182.0,23.54,24.46,111.79,185,123,1,1
1,0.92,5.55,0.42,7.0,6.79,18.0,16.46,20.85,32.27,164,180,3,2
0,0.34,6.69,4.28,6.0,4.04,150.0,9.07,18.7,100.75,162,42,1,2
1,0.41,6.72,0.23,0.0,4.24,118.0,22.68,6.07,84.68,187,93,1,2
1,0.74,6.79,1.68,5.0,6.12,99.0,23.31,22.67,79.24,202,206,3,3
1,0.9,6.84,2.97,7.0,6.91,172.0,9.22,14.36,108.32,38,138,2,3
1,0.09,1.53,3.59,1.0,2.87,95.0,18.64,13.38,70.36,124,91,2,2
1,0.45,6.54,3.67,2.0,4.64,78.0,22.57,8.07,62.88,150,30,2,3
1,0.22,0.57,4.3,5.0,3.65,108.0,6.43,8.15,82.95,62,109,1,3
1,0.2,1.91,4.78,0.0,3.78,59.0,5.27,16.33,55.41,46,196,1,2
1,0.9,4.16,4.85,0.0,6.92,120.0,17.59,24.68,83.44,88,83,3,2
1,0.62,6.11,4.54,3.0,5.98,82.0,15.13,8.43,63.35,153,54,1,3
1,0.06,1.56,0.23,2.0,2.31,160.0,11.29,13.29,101.5,57,59,1,3
1,0.67,9.62,3.13,0.0,6.0,162.0,23.54,11.07,106.32,31,84,2,2
1,0.63,5.95,,2.0,5.25,66.0,19.74,5.32,54.81,120,193,1,2
1,0.12,4.36,2.04,0.0,2.74,140.0,12.94,18.83,99.64,193,171,3,2
1,0.68,4.54,0.41,3.0,6.2,30.0,19.79,16.59,37.53,147,70,1,2
1,0.99,9.64,0.34,2.0,7.51,146.0,22.65,9.38,102.23,19,144,1,3
1,0.03,8.94,2.62,1.0,2.56,52.0,11.59,5.28,49.74,135,189,2,2
1,,3.7,4.15,1.0,6.96,150.0,15.16,20.63,96.88,38,35,2,2
1,,8.86,1.54,,5.93,167.0,13.64,9.94,113.04,195,194,3,2
1,0.33,8.69,0.82,2.0,3.85,17.0,22.15,19.44,35.76,59,170,3,2
1,0.17,4.51,0.79,,3.69,79.0,22.13,8.63,60.84,190,103,2,2
1,0.06,7.8,0.32,7.0,2.38,,5.69,12.56,127.4,83,49,1,3
1,0.77,1.36,1.97,,6.7,205.0,8.44,16.66,129.64,94,100,2,2
1,0.46,7.53,1.66,3.0,5.06,159.0,5.98,10.77,107.05,101,99,3,2
1,0.13,6.9,0.48,1.0,3.12,189.0,11.67,17.33,121.19,31,141,1,2
1,0.62,5.97,1.39,1.0,5.29,143.0,13.57,9.25,100.41,44,70,2,2
1,,7.98,3.87,7.0,,114.0,5.44,11.05,85.52,203,202,1,2
1,0.97,3.34,1.28,4.0,7.22,44.0,5.42,20.25,50.3,25,33,3,2
1,0.15,6.36,0.3,2.0,2.8,161.0,17.98,9.12,100.81,60,190,3,1
1,0.32,6.84,0.96,7.0,3.66,19.0,12.35,24.67,36.19,196,45,1,3
1,0.07,6.55,1.91,3.0,3.33,106.0,10.1,5.98,77.05,185,121,3,3
1,0.37,4.08,2.37,6.0,4.66,123.0,11.48,6.77,86.56,180,78,2,1
1,0.23,7.46,3.89,1.0,3.16,19.0,13.97,14.31,34.11,154,100,2,2
1,0.84,6.1,3.31,7.0,6.93,112.0,9.92,23.43,81.49,85,116,2,2
1,0.17,4.96,4.29,0.0,3.03,124.0,6.82,8.5,88.65,108,165,1,3
1,0.24,6.92,0.45,7.0,3.24,178.0,7.1,21.02,113.33,17,184,1,2
1,0.38,2.6,0.19,3.0,4.24,23.0,19.07,13.05,36.8,160,13,2,2
0,0.46,4.05,0.28,0.0,4.48,20.0,16.42,12.37,30.57,68,58,3,2
1,0.45,7.5,1.07,3.0,4.8,143.0,9.79,12.14,101.49,154,103,2,3
1,,1.45,0.85,0.0,2.78,188.0,15.37,12.61,121.5,132,189,1,3
1,0.18,2.52,2.95,5.0,3.59,122.0,17.92,6.94,90.28,63,145,1,3
1,0.27,4.72,4.6,3.0,4.17,,8.89,6.4,62.81,99,96,1,2
1,0.41,7.27,2.74,0.0,4.97,97.0,10.37,14.29,72.87,173,120,2,2
1,0.79,0.21,1.59,5.0,6.87,179.0,18.77,16.68,115.1,163,37,3,1
1,0.84,8.06,1.4,5.0,6.41,124.0,15.04,13.51,89.58,42,15,3,2
1,0.69,8.18,1.7,2.0,5.5,41.0,8.18,12.54,43.89,15,48,2,2
1,0.55,1.54,4.64,5.0,5.51,20.0,11.1,8.33,33.32,84,44,3,2
1,0.03,0.9,0.76,1.0,3.02,,11.26,22.43,123.98,60,128,1,1
1,0.4,0.62,3.55,3.0,4.26,27.0,9.79,11.72,36.77,78,29,1,3
1,0.96,6.9,1.68,3.0,7.76,50.0,19.16,18.5,47.3,68,59,3,1
1,,0.64,0.17,0.0,5.04,84.0,7.39,22.14,65.84,138,73,1,2
1,0.65,7.39,3.6,1.0,5.55,183.0,6.13,5.97,117.78,119,127,1,3
1,0.96,0.24,2.75,0.0,7.24,100.0,15.8,21.92,78.27,21,119,3,1
1,0.23,7.3,1.31,3.0,3.62,,13.61,12.03,77.12,80,147,1,3
1,0.32,2.62,3.26,0.0,3.89,176.0,6.01,18.68,108.35,110,161,1,2
0,0.51,1.57,1.11,0.0,5.19,86.0,18.98,17.28,70.6,193,49,1,2
0,0.79,7.38,0.81,6.0,5.96,200.0,10.95,8.68,128.73,204,114,2,2
1,0.08,8.17,2.3,1.0,2.64,156.0,11.44,10.12,105.59,170,95,2,3
1,0.62,4.71,0.63,7.0,5.32,121.0,13.22,20.61,88.14,93,202,1,2
1,0.72,7.83,3.05,,6.21,135.0,8.99,22.44,87.55,133,40,3,1
0,0.9,2.31,1.9,4.0,7.0,139.0,6.91,5.66,91.5,77,149,1,3
0,0.76,7.52,3.74,5.0,6.78,36.0,23.4,12.86,41.74,149,136,1,2
0,0.99,9.31,4.29,7.0,7.1,47.0,9.48,18.06,46.96,199,168,1,2
1,0.63,0.86,1.98,3.0,5.42,54.0,5.73,14.67,51.1,63,93,1,3
1,0.57,3.39,3.84,2.0,4.97,111.0,13.1,6.07,77.79,148,15,2,2
1,0.06,0.66,0.58,1.0,2.34,128.0,20.54,20.47,87.78,24,152,1,1
0,0.15,8.01,2.51,4.0,3.0,121.0,8.01,20.47,85.98,46,31,2,3
1,0.69,3.14,0.47,1.0,5.46,,15.56,16.63,49.32,197,36,1,3
0,0.72,9.68,0.51,0.0,6.46,22.0,23.16,7.2,40.12,121,119,1,2
1,0.77,6.89,4.87,0.0,6.7,40.0,23.56,12.9,45.76,94,25,3,1
1,0.1,3.3,0.98,1.0,,193.0,21.14,12.23,119.63,109,134,2,3
1,0.7,2.33,2.4,2.0,5.92,117.0,10.08,9.55,81.77,159,102,1,2
1,0.84,3.15,2.4,2.0,6.85,14.0,11.63,16.63,35.89,133,99,3,2
1,0.95,1.47,3.46,7.0,7.31,,11.77,21.15,119.91,70,67,3,2
1,0.9,8.84,2.26,7.0,7.22,186.0,8.33,18.68,113.22,21,100,2,1
1,0.23,4.49,4.02,1.0,3.69,157.0,5.02,16.33,105.59,22,10,1,3
1,0.55,5.77,1.24,1.0,5.19,112.0,8.03,10.78,77.27,201,27,1,2
1,0.38,5.62,4.23,2.0,4.67,32.0,9.11,12.25,44.56,72,166,1,1
0,0.38,8.03,4.35,5.0,4.27,16.0,24.24,9.47,35.37,201,142,1,3
1,0.89,1.45,1.28,7.0,6.9,27.0,17.82,22.14,43.15,103,87,2,2
1,0.3,2.96,0.07,2.0,4.14,61.0,17.46,17.59,51.2,202,170,3,2
1,0.6,3.77,,2.0,5.98,182.0,9.3,9.03,112.72,126,58,3,1
1,0.14,3.01,2.91,6.0,3.59,43.0,15.44,7.87,43.88,74,103,1,2
1,0.57,0.06,1.63,1.0,5.22,180.0,6.74,19.63,116.54,128,38,3,2
0,0.16,2.15,2.99,4.0,3.49,106.0,23.09,22.97,79.72,202,35,2,3
1,0.64,1.1,3.4,3.0,5.45,,18.27,6.79,122.5,47,17,2,2
1,0.77,7.15,4.46,1.0,6.21,124.0,12.49,20.31,84.35,19,127,3,3
1,0.21,0.25,2.26,5.0,3.47,115.0,7.11,6.06,83.55,88,31,1,2
1,0.02,3.89,1.66,2.0,,108.0,6.46,11.74,76.39,146,90,1,3
1,0.2,6.6,3.47,3.0,3.08,160.0,14.02,6.89,105.6,12,181,1,2
0,0.21,3.4,2.81,,3.34,30.0,13.6,24.63,35.91,102,200,2,2
0,0.58,2.83,4.14,6.0,5.01,201.0,19.89,21.99,126.54,78,100,1,3
0,0.34,6.91,0.36,1.0,3.71,14.0,11.1,7.65,31.44,10,23,1,2
1,0.15,5.1,2.85,1.0,3.14,,7.87,10.22,59.89,81,179,3,2
1,0.02,5.38,4.72,0.0,2.15,34.0,16.61,9.09,37.04,20,178,1,2
1,0.11,0.81,1.11,0.0,3.26,155.0,14.06,13.76,97.55,203,21,1,3
1,0.52,2.51,2.75,6.0,4.87,118.0,8.71,8.72,80.64,25,64,1,2
1,0.24,2.29,1.92,7.0,3.65,177.0,7.06,11.38,114.37,30,37,3,3
0,0.46,0.75,1.35,6.0,4.54,,20.81,23.26,46.62,122,184,1,2
1,0.48,7.99,1.45,2.0,5.37,190.0,17.09,12.32,124.83,197,208,1,2
1,0.98,5.32,2.98,6.0,,87.0,12.61,21.59,68.41,136,92,3,2
1,0.09,4.79,0.43,4.0,2.82,87.0,18.29,11.95,67.43,26,135,1,1
1,0.86,7.06,,4.0,7.24,130.0,24.08,18.61,87.47,206,154,3,2
1,0.54,1.8,4.75,3.0,5.4,143.0,16.43,8.46,97.0,132,32,2,2
1,0.19,2.03,0.98,6.0,3.15,152.0,11.85,20.81,99.54,54,152,2,2
1,0.52,4.36,4.9,1.0,5.08,21.0,18.52,6.11,38.75,129,85,2,1
1,0.93,4.68,0.21,2.0,6.99,196.0,16.56,24.82,120.04,109,173,3,2
0,0.3,2.69,2.05,2.0,4.01,177.0,14.27,20.2,109.39,50,50,2,1
0,0.29,6.36,3.91,5.0,4.3,137.0,11.58,22.53,90.52,201,102,1,1
1,0.8,1.43,3.24,4.0,6.49,16.0,19.56,21.67,35.07,174,25,3,1
1,0.03,7.44,1.0,0.0,2.41,61.0,21.78,15.34,55.52,43,146,3,2
1,0.44,0.37,4.26,1.0,4.43,50.0,7.39,14.38,53.59,49,118,2,3
1,0.97,8.08,4.73,1.0,7.31,,9.68,20.81,95.86,195,28,2,1
1,0.05,0.4,1.02,0.0,3.09,12.0,6.72,9.77,31.89,90,123,1,2
1,0.71,0.6,3.9,4.0,6.44,55.0,22.93,16.87,56.49,92,81,2,1
1,0.79,2.16,1.47,7.0,6.66,127.0,5.46,12.13,84.98,157,157,2,2
1,0.68,0.93,3.27,0.0,5.93,133.0,17.63,12.44,94.2,168,77,2,2
1,0.19,3.64,2.03,0.0,3.09,142.0,17.56,9.95,100.11,190,21,1,1
1,0.97,7.38,2.38,7.0,7.64,205.0,5.33,16.42,128.18,119,135,2,2
1,0.84,3.37,0.33,,7.13,166.0,11.84,18.1,104.65,55,18,2,1
1,0.21,7.22,0.84,0.0,3.3,49.0,20.18,6.45,49.08,166,78,1,1
1,0.92,6.65,4.78,3.0,6.74,195.0,8.33,13.76,120.57,66,47,2,2
1,0.37,2.28,4.51,1.0,4.66,45.0,6.97,16.98,45.31,184,61,1,2
1,0.58,6.99,0.1,6.0,5.49,192.0,21.15,6.65,123.63,176,125,1,1
1,0.14,3.51,3.94,2.0,3.6,185.0,6.59,6.48,121.78,126,188,3,3
1,0.35,2.09,3.38,5.0,3.83,63.0,19.06,5.11,60.73,173,124,1,2
1,,7.06,1.33,0.0,3.1,198.0,18.49,9.13,127.35,202,58,3,2
1,0.37,7.73,4.04,6.0,4.61,74.0,12.66,9.37,58.54,91,159,2,2
1,0.19,2.87,0.2,5.0,3.81,68.0,6.28,14.81,63.64,184,77,2,1
1,0.17,7.96,0.16,7.0,3.54,186.0,20.4,23.74,121.15,180,189,1,3
0,0.38,6.77,2.39,1.0,4.17,68.0,21.38,16.19,55.38,115,207,3,2
1,0.36,2.49,3.54,2.0,3.94,191.0,14.05,5.41,116.48,42,135,2,2
1,0.45,4.59,4.74,6.0,4.65,25.0,11.67,5.86,39.65,147,55,1,3
0,0.97,2.37,0.39,1.0,7.47,125.0,21.1,24.8,86.79,41,71,1,3
1,0.22,2.47,4.22,2.0,3.4,194.0,20.67,10.19,123.95,118,184,3,2
1,0.8,6.15,,5.0,6.27,107.0,20.9,19.24,74.92,172,44,2,2
1,0.37,1.61,1.26,4.0,4.81,87.0,8.66,5.29,66.71,122,146,1,1
0,0.44,6.95,1.72,7.0,4.99,91.0,22.39,19.87,65.62,171,83,1,1
1,0.91,2.15,2.46,3.0,7.28,21.0,24.38,5.9,33.3,30,109,2,3
1,0.53,0.1,1.76,0.0,5.22,73.0,8.66,21.28,64.6,60,162,1,2
1,0.59,2.03,0.52,3.0,5.07,99.0,12.89,9.61,78.51,104,138,2,1
1,0.85,6.14,0.56,0.0,6.81,145.0,19.91,23.52,102.37,25,120,2,3
1,0.85,0.98,1.31,0.0,6.43,161.0,22.83,15.0,109.4,108,92,2,2
1,0.09,5.16,0.29,5.0,3.0,200.0,13.54,9.96,125.94,136,202,1,1
0,0.37,4.66,1.78,2.0,4.2,,21.4,15.68,90.57,86,195,1,2
1,0.52,1.7,2.62,2.0,5.1,183.0,13.18,7.95,117.2,90,156,1,1
1,0.86,2.48,3.94,0.0,6.94,187.0,21.71,10.07,113.95,30,200,1,1
1,0.92,8.85,0.1,1.0,6.68,69.0,8.61,23.48,59.83,155,17,2,2
1,0.02,2.48,4.84,4.0,2.95,50.0,6.72,14.83,47.0,57,187,2,2
1,0.53,3.21,2.14,2.0,5.56,13.0,7.78,15.06,29.15,85,204,1,2
1,0.28,7.91,1.37,3.0,3.43,36.0,20.29,7.55,45.45,82,177,3,2
1,0.55,2.01,2.88,3.0,5.29,136.0,19.62,6.32,93.68,130,72,2,2
1,0.07,2.96,1.95,0.0,3.19,177.0,10.62,7.17,114.33,142,170,2,2
1,0.42,5.13,0.55,4.0,4.63,68.0,23.23,11.82,63.18,196,206,1,2
1,0.15,5.7,4.72,2.0,3.13,144.0,21.65,5.9,93.12,168,68,3,2
1,0.54,9.65,2.17,6.0,5.56,91.0,5.86,14.39,68.46,18,136,3,3
1,0.84,0.03,1.35,1.0,6.57,129.0,16.87,18.01,84.62,72,145,2,1
1,0.1,9.79,,7.0,3.49,159.0,5.16,19.36,108.97,91,159,3,2
1,0.14,9.82,4.72,1.0,3.37,114.0,13.98,6.29,84.7,158,189,2,3
1,0.27,1.97,1.25,1.0,3.87,124.0,7.49,21.63,84.93,148,167,3,1
1,0.03,4.48,0.54,4.0,2.52,202.0,10.06,14.97,126.01,189,208,1,1
1,0.83,5.29,4.8,1.0,6.96,72.0,13.53,8.18,59.04,18,18,1,3
1,0.2,2.37,0.78,0.0,3.94,126.0,12.53,17.69,83.67,17,202,1,2
1,0.8,5.7,4.58,7.0,6.42,45.0,17.13,20.53,51.78,143,166,2,3
1,0.3,2.63,0.64,5.0,4.44,45.0,9.54,17.93,45.55,173,50,1,1
1,0.85,5.0,0.73,6.0,7.14,183.0,12.46,14.93,115.68,180,22,3,3
1,0.34,3.23,3.36,1.0,4.14,185.0,9.63,13.97,115.88,98,15,1,2
1,0.14,8.78,0.46,0.0,3.31,142.0,19.01,15.32,100.79,99,114,3,2
1,0.93,6.2,2.4,4.0,6.77,52.0,24.95,24.82,49.55,61,97,2,3
1,0.99,7.96,3.82,6.0,7.01,176.0,9.42,18.76,111.23,168,26,3,2
1,0.41,9.94,1.05,1.0,5.03,157.0,22.79,9.17,108.1,90,83,1,1
1,0.31,7.1,0.53,2.0,3.66,76.0,10.08,15.55,59.62,95,200,1,3
0,0.5,1.72,2.36,2.0,4.55,,16.95,16.96,123.39,176,51,3,2
1,0.91,2.27,4.01,3.0,7.4,120.0,11.67,21.85,80.88,183,186,3,2
1,0.94,9.57,,5.0,7.19,37.0,13.72,21.25,42.08,125,54,3,2
1,0.97,5.44,2.68,4.0,7.09,130.0,14.26,14.31,91.07,78,193,3,2
1,0.41,8.37,0.98,5.0,4.95,71.0,16.79,15.21,64.6,172,170,3,2
1,0.28,5.71,3.33,3.0,3.5,154.0,7.02,6.21,98.03,35,33,1,2
1,0.57,3.75,4.12,3.0,5.71,201.0,9.83,15.87,123.54,78,126,1,2
1,0.0,5.25,0.59,5.0,2.17,29.0,18.29,11.22,43.5,94,87,3,2
1,0.23,2.56,4.58,2.0,,96.0,5.92,14.23,72.99,46,140,3,3
1,0.82,4.97,3.52,2.0,6.96,106.0,19.19,20.55,80.33,142,134,3,2
1,0.16,8.8,3.89,0.0,3.75,134.0,17.05,14.0,89.42,47,114,1,2
0,0.2,5.25,3.73,4.0,3.72,101.0,12.04,16.38,73.61,90,22,1,2
1,0.2,7.51,2.46,1.0,3.55,120.0,19.39,12.27,84.66,156,150,2,1
1,0.99,2.29,4.88,3.0,7.9,116.0,11.55,15.48,85.25,147,113,2,3
1,0.81,6.27,2.19,4.0,6.16,47.0,12.59,16.27,47.89,102,157,3,2
0,0.66,2.18,4.47,4.0,5.76,,14.91,24.79,97.38,140,178,1,2
1,0.68,6.6,2.78,3.0,6.08,196.0,10.05,16.6,118.49,155,139,1,1
1,0.78,7.1,2.17,4.0,6.46,30.0,20.82,21.51,41.48,170,126,2,1
1,0.6,8.44,2.86,1.0,5.32,126.0,7.8,5.55,84.78,56,99,1,3
0,0.54,5.12,2.27,2.0,4.71,125.0,18.25,20.76,89.24,45,26,2,3
1,0.61,2.32,1.29,0.0,5.55,90.0,23.51,11.01,73.75,111,58,1,2
1,,1.02,3.1,3.0,4.47,72.0,14.85,8.08,58.39,42,192,1,3
0,0.22,7.4,2.04,7.0,3.65,79.0,18.37,7.8,67.09,21,94,1,3
1,0.23,7.11,3.29,3.0,4.07,126.0,6.19,6.79,84.59,141,63,3,1
1,0.77,5.91,0.26,5.0,6.77,153.0,21.49,13.81,100.55,161,56,2,2
1,0.74,0.24,2.49,,6.07,36.0,5.86,10.97,41.2,36,56,3,2
1,0.47,6.09,1.34,0.0,4.65,117.0,11.32,9.65,79.34,186,33,2,1
0,0.55,6.27,1.72,7.0,,106.0,18.19,15.34,82.12,20,151,3,3
1,0.42,9.03,0.13,1.0,4.27,72.0,22.96,17.63,56.39,69,148,1,3
1,0.46,5.68,1.79,1.0,5.22,,7.91,15.25,87.49,118,116,2,3
1,0.62,9.27,0.82,5.0,6.04,59.0,24.07,13.37,52.15,174,42,1,2
1,0.4,3.03,4.78,3.0,4.08,182.0,18.61,8.55,113.33,111,132,2,2
1,0.9,4.21,0.59,5.0,6.87,43.0,10.98,19.75,49.33,117,122,2,3
0,0.44,4.1,2.36,7.0,4.69,190.0,7.86,23.73,121.57,51,179,2,3
0,0.54,4.91,0.26,0.0,5.01,55.0,15.24,23.55,52.01,30,32,1,2
1,0.26,0.32,4.38,4.0,3.69,79.0,15.95,5.53,68.47,158,12,1,3
1,0.29,4.32,0.48,3.0,3.94,,19.15,20.5,68.21,89,159,2,2
1,0.29,3.28,0.05,3.0,3.69,141.0,16.49,16.34,97.56,205,15,2,2
1,,7.74,4.4,4.0,2.15,126.0,22.27,5.31,89.02,205,176,1,1
1,0.37,3.53,1.41,0.0,4.76,163.0,17.5,15.31,102.31,71,88,1,2
1,0.41,3.98,0.88,2.0,4.66,,6.44,24.93,109.78,193,42,2,1
1,0.83,3.86,4.37,2.0,6.51,179.0,13.9,24.24,117.26,153,79,2,2
1,0.06,5.55,0.09,5.0,2.42,195.0,8.74,19.57,117.91,18,200,1,2
0,0.86,8.64,0.83,7.0,6.59,184.0,20.95,7.35,116.36,142,14,1,2
1,0.79,2.63,1.78,4.0,6.36,70.0,10.71,18.37,56.63,129,82,2,2
1,0.44,4.17,2.14,0.0,,113.0,20.03,7.96,82.79,59,85,1,3
1,0.08,4.38,0.63,1.0,3.02,94.0,16.59,23.17,76.02,123,187,3,3
1,0.76,7.14,4.65,3.0,5.86,97.0,20.0,14.61,74.54,64,131,2,3
1,0.82,0.18,0.41,1.0,6.43,203.0,19.38,13.57,124.96,63,137,2,3
1,0.76,5.4,2.15,4.0,6.15,65.0,16.25,14.79,56.72,110,182,3,2
0,0.66,6.19,3.37,1.0,5.83,16.0,11.32,22.05,32.1,61,184,1,2
1,0.19,7.57,2.3,3.0,3.63,184.0,5.1,8.86,116.78,137,153,2,2
1,0.52,1.25,0.16,6.0,5.5,18.0,20.5,10.13,37.8,150,87,3,2
1,0.11,6.12,2.96,0.0,3.1,149.0,17.55,8.77,95.31,125,26,2,2
1,0.53,8.05,4.78,1.0,5.59,84.0,9.0,8.07,62.52,79,57,1,1
1,0.29,8.46,4.84,0.0,,195.0,22.71,7.05,126.08,69,174,2,2
1,0.23,3.38,1.14,2.0,3.97,11.0,8.58,6.64,33.85,42,25,2,1
1,0.08,4.86,2.96,2.0,3.18,169.0,22.97,7.71,112.96,88,154,2,2
1,0.82,4.39,1.19,1.0,6.24,181.0,14.09,19.37,114.59,201,122,2,2
1,0.39,8.76,4.23,2.0,4.63,127.0,8.79,18.56,84.24,21,192,2,2
1,0.8,0.89,1.47,7.0,6.57,16.0,17.21,13.25,37.38,15,123,2,3
1,0.25,4.36,0.82,3.0,3.86,24.0,6.04,20.33,40.94,131,195,1,2
1,0.33,8.51,3.21,0.0,3.94,27.0,14.92,5.33,40.2,208,66,3,2
1,0.07,3.98,4.58,4.0,2.51,163.0,7.0,5.92,105.8,11,93,2,2
0,0.47,4.4,1.51,3.0,5.12,105.0,13.02,14.76,73.26,93,189,1,2
1,,6.95,0.64,2.0,6.57,59.0,22.39,10.93,50.19,16,28,3,1
1,0.98,3.93,2.68,5.0,7.28,134.0,7.05,19.85,88.45,66,108,3,1
1,0.31,7.83,,2.0,4.49,92.0,11.21,12.61,68.04,135,190,3,1
1,0.3,3.72,2.0,3.0,3.83,40.0,15.49,8.29,44.73,12,192,3,2
0,0.32,6.01,2.34,2.0,3.77,196.0,12.95,16.54,122.72,119,142,3,1
1,0.53,7.72,2.45,0.0,4.75,57.0,13.43,16.86,57.7,198,185,1,1
1,0.95,4.53,0.62,4.0,7.02,150.0,10.99,9.16,100.54,26,10,1,2
0,0.9,6.98,1.85,2.0,6.88,18.0,12.8,24.27,38.2,151,10,1,2
1,0.37,7.97,2.0,1.0,4.41,39.0,9.31,11.03,43.64,174,61,2,2
1,0.07,5.84,3.8,1.0,2.4,109.0,23.64,5.56,82.9,201,202,1,2
1,0.16,1.51,3.93,4.0,3.15,191.0,10.4,14.1,123.46,44,27,1,2
1,0.28,5.83,0.95,2.0,3.83,135.0,12.62,17.0,90.66,200,33,1,3
1,,1.24,2.11,5.0,5.85,31.0,11.8,9.48,43.59,176,128,1,3
1,0.49,5.02,3.09,0.0,5.33,145.0,20.13,6.49,95.59,103,114,2,3
1,0.37,6.25,2.38,6.0,4.47,193.0,11.45,7.57,123.92,204,168,2,3
1,0.75,0.54,0.21,7.0,6.68,50.0,24.15,19.38,53.01,146,142,3,3
1,0.33,1.07,1.73,6.0,4.65,41.0,14.4,7.89,48.93,29,74,3,3
0,0.2,7.14,3.65,1.0,3.23,38.0,24.43,14.43,45.31,27,113,1,2
1,0.02,9.0,0.24,6.0,2.29,37.0,13.39,7.64,47.32,193,173,1,3
1,0.65,1.06,3.64,2.0,5.67,166.0,13.83,10.0,109.72,73,45,1,2
1,0.24,1.11,2.88,2.0,4.07,115.0,5.54,6.4,84.49,31,156,1,3
1,0.24,3.7,4.9,7.0,3.95,135.0,9.58,8.42,87.59,180,48,2,3
1,0.31,6.09,3.58,1.0,4.31,109.0,11.93,15.45,83.62,99,73,3,3
1,0.14,0.08,3.57,2.0,3.59,95.0,13.08,12.43,69.26,160,69,1,3
1,0.09,6.35,,7.0,2.96,151.0,7.87,10.59,104.84,45,196,2,2
1,0.58,5.44,0.61,7.0,5.07,193.0,14.58,12.08,123.94,114,103,1,3
1,0.53,6.73,2.07,4.0,4.97,79.0,20.84,6.15,63.67,54,57,1,3
1,0.72,6.61,4.5,3.0,6.01,181.0,15.72,11.09,118.94,19,167,2,3
1,0.96,0.3,4.26,3.0,7.65,150.0,5.44,18.02,97.69,50,161,2,2
1,0.98,9.54,4.3,0.0,7.59,51.0,8.19,23.61,53.79,135,86,2,2
0,0.96,4.4,3.91,4.0,,42.0,10.99,14.71,46.45,14,147,1,2
1,0.07,4.9,3.43,6.0,2.71,174.0,5.86,8.76,109.2,187,67,1,2
1,0.45,3.84,2.14,1.0,4.29,73.0,5.72,13.84,62.05,201,68,1,2
0,0.92,9.01,4.03,7.0,7.15,64.0,14.95,15.15,61.69,200,96,1,1
1,0.42,7.14,0.49,3.0,4.7,206.0,16.75,15.04,130.36,138,173,1,2
1,0.83,9.3,1.94,3.0,6.45,126.0,14.87,18.93,92.4,157,185,2,2
1,0.34,1.98,0.6,2.0,3.74,120.0,21.91,13.04,82.39,64,181,2,2
1,0.1,0.82,3.62,0.0,2.92,19.0,20.18,9.43,30.59,13,86,2,1
1,0.55,3.11,3.08,3.0,4.98,207.0,6.82,16.4,128.81,119,105,2,2
1,0.3,2.33,0.97,2.0,4.28,113.0,9.4,8.25,82.64,185,50,1,3
0,0.37,1.63,4.73,4.0,4.54,88.0,14.14,22.64,69.03,122,193,3,2
1,0.15,7.21,3.9,4.0,,27.0,10.12,8.51,35.95,91,59,2,1
1,0.16,1.36,3.63,1.0,3.46,110.0,5.97,9.32,84.55,184,20,2,2
0,,8.89,1.02,4.0,2.4,84.0,21.78,8.57,64.76,44,31,2,1
1,0.66,9.66,4.02,5.0,6.17,11.0,8.43,11.89,35.26,180,30,2,2
1,0.99,4.3,4.83,0.0,7.64,28.0,8.65,18.14,41.63,154,55,2,3
1,0.05,4.72,0.07,2.0,2.64,69.0,24.52,18.78,59.25,61,167,1,2
1,0.25,4.98,1.78,0.0,3.64,,18.01,8.6,41.68,197,208,1,3
1,0.51,6.29,1.55,2.0,5.04,186.0,7.12,15.61,114.38,181,125,1,2
1,0.45,2.11,0.55,1.0,4.9,97.0,6.34,14.27,74.39,73,151,2,1
1,0.63,1.55,3.81,0.0,5.98,179.0,5.51,14.6,118.8,46,46,3,3
1,0.42,2.39,4.07,0.0,4.47,148.0,19.31,10.56,99.68,85,179,1,2
1,0.94,6.2,2.11,4.0,,158.0,9.67,14.23,105.01,88,78,3,3
1,0.68,7.8,2.34,0.0,,58.0,6.21,11.38,56.45,55,182,1,3
1,,5.2,1.96,0.0,5.18,157.0,19.31,11.68,104.99,108,73,1,3
1,0.48,6.95,3.17,1.0,5.2,76.0,12.17,7.17,66.29,151,107,1,2
1,0.74,6.85,4.91,3.0,6.55,80.0,19.91,22.18,67.49,145,115,2,1
1,0.71,9.28,3.82,3.0,5.87,169.0,7.6,21.54,108.63,171,81,2,2
0,0.68,1.05,1.13,4.0,6.13,132.0,12.75,15.23,91.01,95,60,1,3
1,0.16,3.31,2.46,4.0,3.21,185.0,17.49,6.88,114.88,20,207,1,2
1,0.45,2.01,4.08,3.0,4.46,180.0,13.35,11.19,110.27,204,115,1,3
1,0.43,6.9,2.37,0.0,4.41,58.0,9.38,6.44,52.67,202,70,1,2
1,0.14,8.49,4.69,0.0,3.04,108.0,24.58,6.58,79.64,203,193,3,1
1,0.47,4.83,3.12,4.0,5.22,72.0,7.98,11.72,61.39,172,71,3,3
1,0.69,1.77,0.28,2.0,,46.0,15.73,12.51,43.93,100,173,2,2
1,0.43,5.71,0.76,2.0,4.99,76.0,5.96,23.47,63.4,98,149,1,2
1,0.63,1.79,2.64,4.0,5.43,139.0,15.14,10.45,93.0,104,124,2,1
1,0.24,2.75,1.3,1.0,3.27,181.0,14.06,9.23,118.23,80,180,1,2
1,0.45,1.98,0.08,2.0,4.6,56.0,9.17,6.66,49.16,46,157,2,3
1,0.55,7.71,1.53,6.0,5.08,186.0,5.7,11.14,117.74,17,165,3,3
0,0.49,5.52,2.96,7.0,5.25,,14.13,18.51,68.29,72,171,2,3
1,0.54,2.0,0.34,2.0,5.05,184.0,22.98,20.51,115.87,166,140,3,1
1,0.82,5.17,4.47,4.0,6.7,11.0,8.59,16.09,31.89,169,137,2,2
1,0.67,5.36,1.33,2.0,5.42,73.0,17.71,8.33,58.34,107,40,1,3
1,0.71,7.07,1.09,0.0,6.43,172.0,8.77,15.09,111.01,178,177,3,2
1,0.95,3.04,0.81,4.0,7.47,49.0,12.06,13.18,46.04,45,173,3,3
1,0.04,7.22,1.0,5.0,2.98,24.0,7.51,10.87,33.54,177,201,1,2
1,0.9,2.12,1.86,6.0,7.39,126.0,19.46,13.05,83.78,54,128,2,1
0,0.6,3.74,0.37,6.0,5.46,63.0,9.04,12.45,51.79,30,128,1,2
1,0.28,0.01,0.73,4.0,4.24,43.0,11.78,15.15,49.26,92,129,2,3
0,0.16,0.88,3.66,7.0,3.65,158.0,7.72,24.75,104.64,85,128,1,2
0,0.97,5.3,1.63,1.0,7.58,56.0,15.56,9.57,51.65,161,58,1,3
0,0.69,1.21,1.73,7.0,6.11,133.0,24.87,14.29,89.77,187,129,2,2
1,0.38,3.17,0.26,5.0,4.37,152.0,15.66,8.28,102.14,165,50,1,3
1,0.6,5.33,2.8,0.0,5.35,48.0,15.94,12.81,46.37,99,185,1,1
1,0.2,3.35,0.39,6.0,3.37,115.0,19.97,19.71,77.68,18,192,2,2
1,0.98,7.05,4.78,5.0,7.85,126.0,21.09,18.48,89.28,61,12,2,1
1,0.09,7.78,4.85,4.0,2.63,113.0,7.24,8.02,80.31,157,39,1,3
1,0.95,1.59,2.45,0.0,7.17,192.0,18.32,20.21,117.12,189,30,2,2
1,0.94,4.17,4.84,1.0,7.23,62.0,18.32,11.11,52.61,34,133,2,3
1,0.85,7.33,0.06,4.0,6.92,113.0,22.14,9.58,80.8,28,81,1,3
1,0.82,3.01,4.17,3.0,6.18,197.0,21.52,20.1,125.3,96,39,3,2
1,0.82,5.37,2.02,5.0,6.22,156.0,19.52,23.38,103.98,131,151,2,2
0,0.61,7.05,3.76,7.0,5.86,19.0,24.76,22.8,37.47,113,104,1,3
0,0.2,6.55,3.24,5.0,3.1,,17.4,11.3,93.89,49,68,3,2
1,0.77,0.11,4.12,5.0,6.29,149.0,22.61,19.13,95.69,40,66,2,1
0,0.15,6.67,3.04,7.0,3.37,60.0,22.68,23.44,56.04,203,56,1,3
1,0.62,1.57,4.74,4.0,5.98,190.0,23.4,5.89,123.92,19,78,1,2
1,0.39,1.79,0.15,6.0,3.96,152.0,16.23,6.64,97.14,208,39,1,2
1,0.15,4.53,3.16,2.0,3.6,78.0,15.82,6.74,60.59,147,56,1,2
1,0.22,7.43,2.24,4.0,3.88,161.0,6.32,17.07,102.9,127,167,1,2
1,0.31,8.89,0.97,2.0,3.95,160.0,9.93,17.7,105.51,66,139,2,2
0,0.34,1.49,0.38,6.0,4.44,194.0,5.13,10.51,125.34,69,106,3,1
1,0.1,6.96,4.88,3.0,2.75,121.0,8.41,5.76,81.68,146,192,1,3
1,0.96,2.13,3.31,3.0,7.12,,9.11,21.69,45.34,184,169,3,2
1,0.5,4.87,2.34,1.0,4.88,115.0,22.74,7.04,85.78,109,209,3,2
1,0.78,6.18,2.14,1.0,5.93,137.0,17.54,14.06,93.82,47,110,2,2
1,0.37,8.07,2.18,1.0,4.17,125.0,11.19,7.9,90.17,136,87,1,3
1,0.19,7.69,0.1,0.0,3.68,149.0,9.42,8.64,97.7,79,198,2,1
1,0.36,0.69,4.11,0.0,4.58,147.0,6.95,13.64,97.62,190,56,1,1
1,0.27,4.8,3.93,0.0,3.5,30.0,17.15,13.22,38.62,12,98,1,2
1,0.01,2.48,4.01,1.0,2.84,155.0,16.51,6.15,99.54,193,93,2,1
1,0.21,3.25,3.05,7.0,3.8,,5.07,12.93,55.9,85,120,2,2
1,0.05,4.2,3.64,0.0,2.63,35.0,15.85,11.7,40.89,156,72,1,2
1,0.99,0.56,0.28,4.0,7.71,68.0,7.55,14.18,57.82,65,36,2,1
1,0.79,8.76,0.16,0.0,,82.0,7.32,23.47,63.79,58,74,2,1
1,0.63,4.79,2.21,3.0,6.01,126.0,6.08,14.94,90.69,21,13,1,1
1,0.35,4.95,3.03,3.0,4.68,90.0,20.1,5.83,72.59,167,197,3,2
1,0.79,0.93,2.89,5.0,6.72,47.0,9.38,12.97,46.75,36,180,2,1
1,0.99,1.61,0.12,0.0,7.8,,8.01,22.15,92.81,56,193,3,2
1,0.31,7.63,2.25,0.0,3.62,38.0,12.08,12.4,43.14,160,98,1,2
1,0.05,2.8,4.92,0.0,3.12,134.0,17.22,12.96,87.15,113,28,1,2
1,0.25,1.17,4.52,1.0,3.9,81.0,17.55,6.4,61.46,192,69,3,3
1,0.59,6.39,0.98,1.0,5.82,153.0,7.94,20.01,100.33,98,188,2,2
1,0.23,0.49,1.23,1.0,3.62,134.0,6.33,6.98,94.28,101,192,2,3
1,0.21,6.55,4.64,0.0,3.74,20.0,14.6,15.47,30.24,26,162,2,3
0,0.87,5.92,1.21,0.0,6.45,207.0,15.97,9.22,130.17,149,135,1,1
0,0.3,9.45,1.43,5.0,3.59,207.0,24.22,5.25,130.95,179,166,1,1
1,0.78,7.91,0.05,1.0,6.45,38.0,18.4,17.01,45.19,31,157,3,2
1,0.07,3.85,4.45,1.0,2.9,134.0,11.54,15.76,94.35,155,133,3,3
1,0.81,2.13,1.29,1.0,6.72,189.0,7.82,20.88,123.45,90,182,2,2
1,0.09,7.71,2.88,4.0,2.88,106.0,15.38,10.43,78.86,138,203,2,2
1,0.44,2.78,3.83,6.0,4.75,47.0,12.35,6.25,47.11,69,143,2,2
1,0.04,6.24,3.1,0.0,2.33,179.0,9.31,19.24,111.33,86,10,1,1
1,0.1,5.88,3.46,,2.6,76.0,20.41,5.36,60.61,80,44,2,2
0,0.05,8.17,3.84,4.0,2.56,23.0,22.59,22.86,40.33,79,45,2,2
1,0.02,5.42,,3.0,2.86,40.0,7.36,5.38,40.62,85,73,2,2
1,0.91,4.6,1.38,7.0,7.33,62.0,20.25,6.96,52.64,15,195,2,3
1,0.09,9.31,0.27,2.0,2.94,46.0,15.25,21.9,48.41,201,67,1,3
1,0.04,1.06,4.81,1.0,2.86,92.0,10.27,7.01,72.07,10,110,2,3
1,0.57,1.1,4.95,0.0,5.45,106.0,11.07,18.43,81.22,124,27,2,1
1,0.02,6.7,2.07,1.0,2.14,168.0,13.97,5.36,107.39,90,67,2,3
0,0.56,6.18,4.06,6.0,5.47,,13.65,20.45,56.62,55,119,2,2
0,0.11,1.41,2.74,4.0,3.17,107.0,20.83,9.2,80.28,208,77,1,2
1,0.56,0.13,0.99,5.0,5.72,202.0,7.67,11.82,125.36,206,120,1,2
1,0.73,8.33,0.88,1.0,5.83,176.0,24.79,22.59,114.42,148,78,3,2
1,1.0,2.23,1.59,4.0,7.26,179.0,10.46,16.32,116.77,185,12,2,2
1,0.79,6.01,1.26,0.0,6.8,111.0,13.87,16.0,76.38,30,144,2,2
1,0.13,0.45,3.64,7.0,2.98,44.0,14.1,6.77,46.46,162,81,2,2
1,0.44,8.95,1.67,2.0,4.47,18.0,6.77,12.51,31.18,156,148,3,1
0,0.18,4.24,2.87,7.0,3.28,121.0,16.98,9.44,81.63,67,154,1,3
1,0.62,2.64,4.93,4.0,5.64,184.0,12.21,5.98,119.91,103,80,1,1
0,0.03,5.74,3.73,0.0,2.99,12.0,15.31,21.02,33.39,12,150,2,2
1,0.26,2.11,1.03,0.0,3.77,44.0,12.52,12.46,43.91,72,22,1,2
1,0.31,8.64,3.36,,3.6,12.0,6.43,15.45,31.36,92,92,2,2
1,0.23,4.7,2.11,0.0,3.77,114.0,24.6,10.11,86.32,73,16,3,3
1,0.11,2.75,0.98,3.0,3.5,185.0,12.59,20.94,115.84,65,142,1,3
1,0.78,2.26,0.99,0.0,5.94,40.0,21.91,12.05,45.12,143,132,2,1
1,0.8,7.34,1.65,7.0,6.2,75.0,18.1,16.07,58.45,183,208,2,1
1,0.44,7.44,3.38,0.0,4.53,82.0,5.69,20.71,62.7,25,108,2,1
0,0.17,8.56,1.78,2.0,3.85,25.0,16.9,23.56,36.31,74,27,2,1
1,0.92,0.19,4.25,1.0,7.59,106.0,21.59,12.17,74.39,140,158,2,2
1,0.6,8.57,1.08,,5.54,158.0,11.14,6.35,107.96,57,178,2,3
0,0.41,8.66,3.53,4.0,4.12,138.0,17.97,23.43,91.16,192,112,1,3
1,0.88,8.74,0.86,3.0,6.73,120.0,18.86,19.92,83.2,205,168,2,2
1,0.71,1.43,2.63,2.0,5.72,101.0,15.55,5.78,70.83,17,139,3,3
1,0.53,1.4,3.84,1.0,5.3,147.0,13.24,5.0,94.14,198,137,3,1
1,0.34,6.65,4.34,0.0,3.93,37.0,15.22,7.9,38.62,188,199,1,3
1,0.78,3.39,1.4,1.0,6.87,53.0,7.96,19.46,51.38,138,46,2,1
1,0.15,9.35,1.06,4.0,3.67,62.0,7.65,11.76,51.39,51,161,1,3
0,0.56,4.46,4.93,7.0,5.79,99.0,18.09,9.86,72.72,200,174,1,1
1,0.6,6.1,3.4,5.0,5.99,79.0,13.64,9.56,66.59,187,205,1,2
1,0.8,6.67,0.25,2.0,6.42,183.0,17.05,16.59,119.95,140,93,3,2
1,0.74,7.72,1.82,0.0,5.98,58.0,12.73,15.44,49.09,189,105,3,1
1,0.48,1.16,1.57,0.0,5.15,163.0,5.74,17.25,106.44,76,161,3,2
1,0.96,2.03,0.59,4.0,7.64,69.0,9.46,6.01,56.05,11,57,1,3
1,0.08,1.56,1.74,3.0,2.6,35.0,11.36,12.2,38.56,107,85,1,3
1,0.45,4.22,4.45,2.0,4.47,207.0,15.5,10.57,128.94,27,167,1,1
1,0.51,3.46,0.66,1.0,5.32,206.0,8.63,18.36,127.36,203,209,1,2
0,0.17,1.51,2.47,4.0,3.51,,5.89,18.09,34.61,168,87,1,2
1,0.61,1.74,1.21,1.0,5.36,145.0,17.34,14.03,93.02,115,156,1,3
1,0.49,9.96,3.51,0.0,5.37,75.0,18.45,14.76,57.68,68,159,1,2
1,0.75,7.09,4.8,5.0,6.2,54.0,5.44,17.71,48.3,103,13,3,2
1,0.78,5.52,0.01,5.0,6.23,17.0,8.88,14.71,29.57,21,68,3,3
1,0.04,5.11,2.85,2.0,3.01,102.0,19.02,5.73,76.1,46,172,2,2
1,0.45,5.03,4.55,2.0,4.83,149.0,15.53,12.51,100.57,185,169,1,1
1,0.41,6.95,1.65,1.0,4.12,115.0,9.21,16.98,79.59,67,11,1,1
1,0.65,6.48,0.86,0.0,5.42,60.0,7.41,20.87,55.66,114,92,2,2
1,0.86,4.26,1.78,4.0,6.37,112.0,20.57,6.69,80.27,31,140,1,2
1,,3.22,1.83,0.0,,49.0,19.75,11.9,44.71,157,181,2,2
1,0.66,1.3,2.25,0.0,5.68,54.0,21.53,10.19,56.7,170,65,3,2
1,0.64,7.54,2.16,2.0,5.4,158.0,13.79,13.21,99.4,60,91,1,3
1,0.38,3.22,0.67,6.0,4.12,195.0,17.7,18.21,119.3,151,205,1,2
1,0.36,2.16,1.12,1.0,3.93,48.0,5.54,9.94,50.09,50,173,1,3
1,0.81,3.49,4.53,5.0,6.46,,24.51,14.43,66.57,125,96,2,2
1,0.64,3.47,3.84,2.0,5.3,190.0,10.57,11.41,121.71,124,190,2,2
1,0.6,3.25,3.71,0.0,5.73,130.0,6.15,11.86,86.76,118,50,2,1
1,0.7,4.02,2.52,4.0,6.25,52.0,6.73,14.69,53.84,83,153,1,2
1,0.47,0.64,0.53,4.0,5.25,24.0,18.59,10.99,39.67,122,83,1,2
0,0.87,9.21,2.01,0.0,6.88,25.0,19.89,19.07,42.19,190,199,1,1
0,0.92,0.57,0.43,1.0,6.62,54.0,13.8,7.1,54.71,92,158,2,3
0,0.68,1.13,4.35,4.0,5.47,144.0,6.69,17.61,94.77,162,206,1,3
1,0.28,0.58,2.95,0.0,4.01,,10.23,15.84,42.11,29,48,3,2
1,0.31,4.53,2.07,2.0,3.81,180.0,16.04,7.36,115.58,162,64,1,3
1,0.53,8.1,1.31,0.0,4.93,191.0,10.03,6.36,123.83,205,66,3,2
1,0.61,6.56,1.0,6.0,5.8,167.0,19.72,15.56,106.8,160,44,3,2
0,0.44,6.16,1.44,5.0,4.55,119.0,24.54,22.98,83.32,202,208,1,1
1,0.71,8.12,2.53,7.0,6.16,206.0,7.2,15.69,126.48,38,127,3,2
1,0.66,0.62,0.8,3.0,5.45,,20.08,24.58,47.68,154,86,2,2
1,0.63,4.51,0.93,6.0,6.06,207.0,21.68,22.02,128.36,72,164,3,2
1,0.06,9.6,0.75,1.0,2.99,112.0,10.84,17.46,77.65,10,49,2,3
0,0.94,5.91,3.22,1.0,7.01,50.0,14.0,14.69,48.55,53,68,1,3
0,1.0,5.59,0.62,5.0,7.99,137.0,13.64,23.64,96.76,162,185,1,3
1,0.18,8.26,4.94,4.0,3.18,175.0,15.06,8.49,112.25,81,80,1,2
1,0.13,4.66,1.58,1.0,3.63,61.0,16.43,14.74,59.22,187,117,2,2
1,0.08,4.53,4.63,4.0,2.49,,16.56,7.75,48.36,75,44,2,1
1,0.25,7.65,0.72,0.0,4.08,145.0,13.11,24.89,97.0,100,174,1,2
1,0.76,5.1,1.81,7.0,5.93,,23.87,17.43,91.11,99,30,2,2
1,0.43,1.3,0.14,4.0,4.49,61.0,16.68,17.99,60.08,100,180,2,3
1,0.73,1.36,1.03,1.0,5.69,161.0,6.12,16.67,107.46,200,135,3,2
0,0.92,8.68,0.38,0.0,7.12,30.0,19.08,25.0,44.28,202,81,1,2
1,0.99,9.94,0.64,1.0,7.44,197.0,19.36,15.05,124.75,20,175,2,3
1,0.02,8.17,0.88,1.0,2.79,200.0,8.43,14.4,121.85,19,83,3,3
1,0.82,4.79,3.35,5.0,6.74,98.0,9.31,19.71,70.19,74,159,2,1
1,0.7,3.49,4.21,7.0,6.08,99.0,6.17,10.63,71.54,91,51,3,1
1,0.01,3.05,0.85,1.0,2.19,115.0,10.46,19.38,86.2,115,205,1,1
1,0.39,7.02,4.11,0.0,4.73,50.0,6.52,12.89,49.09,118,71,3,2
1,0.83,8.39,4.08,1.0,6.31,56.0,22.06,16.45,55.3,167,74,2,2
1,0.4,4.52,4.97,1.0,4.88,42.0,16.93,14.31,42.51,163,171,1,2
1,0.73,0.59,4.97,1.0,5.97,161.0,18.99,16.92,104.46,89,119,2,3
1,0.45,2.8,1.42,2.0,5.24,48.0,7.13,9.14,47.05,180,122,2,2
1,0.09,0.15,0.82,4.0,2.93,150.0,16.36,21.8,99.23,120,39,2,2
1,0.98,8.54,,6.0,7.52,56.0,12.55,14.0,50.49,165,96,3,1
0,0.66,5.56,4.16,5.0,6.07,204.0,20.79,14.53,124.93,16,65,1,3
1,0.09,3.31,0.83,0.0,2.78,45.0,5.95,11.33,42.88,154,114,2,2
1,0.95,1.42,3.54,1.0,7.24,131.0,9.67,21.04,95.26,22,63,2,2
1,0.8,8.6,1.89,1.0,6.88,,5.05,24.32,55.6,28,117,2,2
1,0.25,6.86,2.88,3.0,3.5,120.0,9.06,15.32,84.28,201,46,3,2
1,0.81,3.47,0.71,3.0,6.14,99.0,7.08,16.0,71.65,144,68,3,3
1,0.75,8.51,4.6,0.0,6.74,52.0,11.31,19.65,50.55,35,192,3,1
1,0.67,2.92,1.0,0.0,5.41,187.0,10.31,18.33,118.63,100,190,2,2
1,0.79,8.45,3.46,4.0,6.88,51.0,7.64,19.05,54.44,176,206,3,2
0,0.22,1.53,3.4,2.0,3.31,106.0,11.53,22.97,79.0,78,124,1,2
0,0.74,8.51,1.3,7.0,6.42,201.0,12.36,6.34,130.18,104,191,3,2
1,0.5,4.21,3.09,4.0,4.69,32.0,9.38,9.13,37.53,48,79,1,1
1,0.5,7.85,2.18,1.0,4.98,14.0,11.56,16.13,36.74,146,149,1,2
1,0.47,1.8,0.29,6.0,4.81,156.0,6.51,6.28,107.03,153,34,2,1
1,0.65,7.18,0.52,6.0,6.23,78.0,12.68,9.96,61.0,161,60,2,2
1,0.05,7.55,0.64,0.0,2.92,,12.64,6.29,58.84,129,187,1,3
1,0.13,3.37,4.41,0.0,3.11,145.0,6.02,13.77,93.89,54,95,1,3
1,0.56,6.55,2.1,2.0,5.13,74.0,18.26,8.94,66.37,30,206,3,2
1,0.21,0.25,0.49,4.0,3.9,158.0,14.28,16.77,108.4,195,196,1,3
1,0.58,7.44,4.97,2.0,5.44,79.0,12.73,7.61,69.45,108,139,1,2
1,0.42,9.93,1.84,5.0,4.87,152.0,14.75,7.27,98.55,176,65,2,3
1,,9.59,0.35,0.0,3.79,99.0,7.08,16.76,72.41,162,89,2,2
1,0.14,0.94,2.48,,3.67,169.0,6.21,7.95,108.29,138,179,1,2
1,0.18,1.12,2.32,2.0,2.98,15.0,12.78,8.65,28.96,207,84,1,2
1,0.87,8.3,4.84,5.0,7.25,,5.47,16.47,113.78,73,125,2,3
0,0.13,4.07,0.01,6.0,3.61,178.0,11.12,24.94,117.22,87,86,1,1
1,0.24,3.21,,0.0,3.27,75.0,24.35,10.88,66.4,193,153,2,2
1,0.87,3.04,0.09,7.0,6.64,157.0,12.76,20.49,107.46,21,70,2,2
1,0.89,4.35,1.29,3.0,7.06,58.0,23.61,17.04,49.85,189,60,3,2
0,0.94,1.4,2.56,7.0,7.67,,6.4,6.65,82.46,50,107,3,3
1,0.37,6.09,2.68,2.0,4.39,121.0,13.19,8.13,83.81,164,24,2,2
1,0.28,0.94,2.79,1.0,4.32,155.0,24.87,5.97,106.82,86,112,1,2
1,0.69,5.58,4.51,1.0,5.92,68.0,5.31,7.07,59.83,158,71,1,2
1,0.39,5.33,3.65,0.0,,174.0,11.32,12.77,110.9,138,129,3,3
1,0.23,9.33,0.41,3.0,3.46,69.0,9.79,5.73,55.85,192,12,1,3
0,0.04,0.07,3.17,6.0,2.56,,20.14,23.01,76.35,11,139,1,2
1,0.2,4.62,2.62,0.0,3.47,40.0,10.66,8.41,49.43,145,153,2,2
1,,1.3,4.29,2.0,3.11,,11.25,5.76,54.38,73,189,3,1
1,0.07,6.8,0.88,4.0,3.17,,18.79,6.79,99.51,36,176,1,1
1,0.76,3.7,2.4,2.0,5.82,94.0,18.49,12.81,68.24,29,83,2,2
1,0.3,2.83,4.94,1.0,4.23,52.0,8.89,9.21,53.3,134,178,1,3
0,0.26,7.56,4.45,1.0,3.49,105.0,14.56,22.86,74.12,51,50,3,2
1,0.17,2.51,3.04,3.0,2.96,189.0,23.5,6.4,119.17,22,14,1,2
1,0.31,7.75,1.36,7.0,4.05,,7.47,10.19,77.73,192,185,1,2
1,0.82,5.75,3.05,0.0,6.51,99.0,17.43,7.91,70.43,32,138,1,2
1,0.79,1.58,4.21,4.0,6.22,171.0,22.69,15.88,110.94,190,155,3,1
1,0.06,8.92,1.72,0.0,3.02,59.0,15.64,8.45,59.36,207,72,1,2
1,1.0,8.71,2.75,,7.54,10.0,15.87,10.38,33.58,35,32,2,1
1,0.96,5.49,4.22,1.0,7.13,78.0,7.7,18.4,64.11,88,38,2,2
1,0.63,3.09,0.09,6.0,5.37,105.0,7.12,13.36,79.48,26,174,1,1
1,0.46,3.5,4.08,4.0,4.53,185.0,14.5,9.59,121.98,80,77,2,2
1,0.0,4.85,0.94,1.0,2.4,104.0,19.15,5.34,81.47,127,148,1,1
1,0.83,8.33,0.23,3.0,6.76,118.0,16.52,24.95,81.88,197,82,2,1
1,0.44,6.53,2.97,1.0,4.99,172.0,18.07,10.6,112.42,127,75,1,2
1,0.45,9.02,0.86,6.0,4.53,190.0,5.19,14.77,120.71,124,147,3,3
1,0.58,9.79,0.98,1.0,5.78,172.0,24.76,13.85,112.68,168,24,1,2
1,0.63,4.13,3.09,0.0,5.45,166.0,24.36,11.84,112.7,106,94,2,1
1,0.15,3.29,4.29,1.0,3.73,,17.23,11.9,88.3,26,168,3,2
1,0.4,5.44,1.16,0.0,4.33,,10.34,12.73,42.13,77,161,2,3
1,0.21,8.8,2.5,0.0,3.52,164.0,10.12,8.01,103.8,98,113,2,2
0,0.32,3.43,0.3,7.0,4.27,119.0,16.51,15.75,79.58,94,105,2,3
1,0.54,1.19,0.34,4.0,5.69,163.0,6.76,9.19,105.72,194,150,2,1
0,0.54,0.19,2.86,2.0,5.16,168.0,22.62,19.84,112.31,29,177,1,2
1,0.07,9.91,0.23,2.0,3.13,31.0,22.44,12.53,44.52,181,59,2,3
1,0.84,0.9,1.73,3.0,6.26,94.0,15.97,8.98,74.28,11,98,1,3
1,0.24,4.33,0.2,3.0,4.03,123.0,12.79,8.65,88.1,54,149,3,2
1,0.61,7.79,1.05,1.0,5.48,72.0,23.83,5.8,61.55,164,185,2,2
1,0.95,7.38,3.74,1.0,7.38,183.0,20.94,9.63,116.78,38,153,1,1
1,,2.82,4.13,6.0,6.75,69.0,14.29,15.41,57.5,110,77,2,3
1,0.07,4.25,0.99,0.0,3.3,165.0,19.67,19.52,105.4,60,117,1,3
0,0.25,6.99,4.94,5.0,3.32,201.0,11.54,18.89,125.21,75,207,2,3
1,0.69,3.54,3.6,5.0,5.91,34.0,15.91,9.29,46.8,130,81,1,3
1,0.56,9.77,1.34,5.0,4.84,77.0,13.18,7.03,63.82,134,192,1,2
1,0.66,8.45,0.24,6.0,5.47,30.0,15.37,18.68,41.22,187,101,2,3
1,0.62,6.42,0.78,3.0,5.49,,18.74,5.42,102.77,194,113,2,3
1,0.16,1.12,3.97,2.0,3.62,151.0,8.45,15.63,104.66,148,72,2,3
1,0.02,2.03,0.84,4.0,2.9,161.0,11.29,22.18,110.47,15,188,1,3
0,0.97,0.85,1.64,0.0,7.46,111.0,13.17,18.01,84.24,61,90,1,2
1,0.72,5.38,4.7,5.0,6.03,132.0,6.69,22.22,90.27,204,26,3,2
1,0.96,0.58,4.28,1.0,7.64,149.0,16.69,21.64,104.09,180,88,2,3
1,0.39,4.26,2.01,6.0,4.55,105.0,5.42,11.07,73.66,63,11,1,1
1,0.75,8.33,0.94,0.0,6.01,107.0,12.03,8.11,81.66,24,181,2,2
